"geometry","country","code","world_bank_economies","archetype","label","total_projects","improving_access_to_tools","workforce_strenghtening","enhancing_data_utility","support"
,"Abyei","","NaN","Test","– Increase diagnostic testing capacity",,"LMIC not receiving partner support","LMIC not receiving partner support","LMIC not receiving partner support","LMIC without any partner activity mapped"
,"Abyei Disputed Boundary","","NaN","Test","– Increase diagnostic testing capacity",,"LMIC not receiving partner support","LMIC not receiving partner support","LMIC not receiving partner support","LMIC without any partner activity mapped"
,"Abyei Disputed Boundary","","NaN","Test","– Increase diagnostic testing capacity",,"LMIC not receiving partner support","LMIC not receiving partner support","LMIC not receiving partner support","LMIC without any partner activity mapped"
,"Abyei Disputed Boundary","","NaN","Test","– Increase diagnostic testing capacity",,"LMIC not receiving partner support","LMIC not receiving partner support","LMIC not receiving partner support","LMIC without any partner activity mapped"
,"Afghanistan","AFG","Low income","Connect","– Set-up sample referral networks or build NGS capacity from scratch",,"LMIC not receiving partner support","LMIC not receiving partner support","LMIC not receiving partner support","LMIC without any partner activity mapped"
,"Aksai Chin","","NaN","Test","– Increase diagnostic testing capacity",,"LMIC not receiving partner support","LMIC not receiving partner support","LMIC not receiving partner support",
,"Aksai Chin Disputed Boundary","","NaN","Test","– Increase diagnostic testing capacity",,"LMIC not receiving partner support","LMIC not receiving partner support","LMIC not receiving partner support","LMIC without any partner activity mapped"
,"Aksai Chin Disputed Boundary","","NaN","Test","– Increase diagnostic testing capacity",,"LMIC not receiving partner support","LMIC not receiving partner support","LMIC not receiving partner support","LMIC without any partner activity mapped"
,"Albania","ALB","Upper middle income","Connect","– Set-up sample referral networks or build NGS capacity from scratch",,"LMIC not receiving partner support","LMIC not receiving partner support","LMIC not receiving partner support","LMIC without any partner activity mapped"
,"Algeria","DZA","Lower middle income","Connect","– Set-up sample referral networks or build NGS capacity from scratch",,"LMIC not receiving partner support","LMIC not receiving partner support","LMIC not receiving partner support","LMIC without any partner activity mapped"
,"American Samoa","ASM","Upper middle income","Test","– Increase diagnostic testing capacity",,"LMIC not receiving partner support","LMIC not receiving partner support","LMIC not receiving partner support","LMIC without any partner activity mapped"
,"Andorra","AND","High income","High Income*","",,"HIC not receiving partner support","HIC not receiving partner support","HIC not receiving partner support","HIC without any partner activity mapped"
,"Angola","AGO","Lower middle income","Leverage","– Leverage existing NGS capacity",,"LMIC not receiving partner support","LMIC not receiving partner support","LMIC not receiving partner support","LMIC without any partner activity mapped"
,"Anguilla","AIA","NaN","Test","– Increase diagnostic testing capacity",,"LMIC not receiving partner support","LMIC not receiving partner support","LMIC not receiving partner support","LMIC without any partner activity mapped"
,"Antigua and Barbuda","ATG","High income","High Income*","",,"HIC not receiving partner support","HIC not receiving partner support","HIC not receiving partner support","HIC without any partner activity mapped"
,"Argentina","ARG","Upper middle income","Strengthen","– Build additional NGS capacity for scale-up",2,"LMIC not receiving partner support","LMIC receiving partner support","LMIC receiving partner support","Country receiving partner support"
,"Armenia","ARM","Upper middle income","Connect","– Set-up sample referral networks or build NGS capacity from scratch",,"LMIC not receiving partner support","LMIC not receiving partner support","LMIC not receiving partner support","LMIC without any partner activity mapped"
,"Aruba","ABW","High income","High Income*","",,"HIC not receiving partner support","HIC not receiving partner support","HIC not receiving partner support","HIC without any partner activity mapped"
,"Arunachal Pradesh","","NaN","Test","– Increase diagnostic testing capacity",,"LMIC not receiving partner support","LMIC not receiving partner support","LMIC not receiving partner support",
,"Arunachal Pradesh Disputed Boundary","","NaN","Test","– Increase diagnostic testing capacity",,"LMIC not receiving partner support","LMIC not receiving partner support","LMIC not receiving partner support","LMIC without any partner activity mapped"
,"Arunachal Pradesh Disputed Boundary","","NaN","Test","– Increase diagnostic testing capacity",,"LMIC not receiving partner support","LMIC not receiving partner support","LMIC not receiving partner support","LMIC without any partner activity mapped"
,"Australia","AUS","High income","High Income*","",1,"HIC not receiving partner support","HIC not receiving partner support","HIC receiving partner support","Country receiving partner support"
,"Australian Indian Ocean Territories","","NaN","Test","– Increase diagnostic testing capacity",,"LMIC not receiving partner support","LMIC not receiving partner support","LMIC not receiving partner support","LMIC without any partner activity mapped"
,"Australian Indian Ocean Territories","","NaN","Test","– Increase diagnostic testing capacity",,"LMIC not receiving partner support","LMIC not receiving partner support","LMIC not receiving partner support","LMIC without any partner activity mapped"
,"Austria","AUT","High income","High Income*","",,"HIC not receiving partner support","HIC not receiving partner support","HIC not receiving partner support","HIC without any partner activity mapped"
,"Azerbaijan","AZE","Upper middle income","Leverage","– Leverage existing NGS capacity",,"LMIC not receiving partner support","LMIC not receiving partner support","LMIC not receiving partner support","LMIC without any partner activity mapped"
,"Bahrain","BHR","High income","High Income*","",,"HIC not receiving partner support","HIC not receiving partner support","HIC not receiving partner support","HIC without any partner activity mapped"
,"Bangladesh","BGD","Lower middle income","Strengthen","– Build additional NGS capacity for scale-up",8,"LMIC receiving partner support","LMIC receiving partner support","LMIC receiving partner support","Country receiving partner support"
,"Barbados","BRB","High income","High Income*","",1,"HIC not receiving partner support","HIC receiving partner support","HIC receiving partner support","Country receiving partner support"
,"Belarus","BLR","Upper middle income","Leverage","– Leverage existing NGS capacity",,"LMIC not receiving partner support","LMIC not receiving partner support","LMIC not receiving partner support","LMIC without any partner activity mapped"
,"Belgium","BEL","High income","High Income*","",,"HIC not receiving partner support","HIC not receiving partner support","HIC not receiving partner support","HIC without any partner activity mapped"
,"Belize","BLZ","Upper middle income","Connect","– Set-up sample referral networks or build NGS capacity from scratch",,"LMIC not receiving partner support","LMIC not receiving partner support","LMIC not receiving partner support","LMIC without any partner activity mapped"
,"Benin","BEN","Lower middle income","Test","– Increase diagnostic testing capacity",,"LMIC not receiving partner support","LMIC not receiving partner support","LMIC not receiving partner support","LMIC without any partner activity mapped"
,"Bermuda","BMU","High income","High Income*","",,"HIC not receiving partner support","HIC not receiving partner support","HIC not receiving partner support","HIC without any partner activity mapped"
,"Bhutan","BTN","Lower middle income","Connect","– Set-up sample referral networks or build NGS capacity from scratch",,"LMIC not receiving partner support","LMIC not receiving partner support","LMIC not receiving partner support","LMIC without any partner activity mapped"
,"Bolivia","BOL","Lower middle income","Connect","– Set-up sample referral networks or build NGS capacity from scratch",1,"LMIC not receiving partner support","LMIC receiving partner support","LMIC receiving partner support","Country receiving partner support"
,"Bosnia and Herzegovina","BIH","Upper middle income","Leverage","– Leverage existing NGS capacity",,"LMIC not receiving partner support","LMIC not receiving partner support","LMIC not receiving partner support","LMIC without any partner activity mapped"
,"Botswana","BWA","Upper middle income","Strengthen","– Build additional NGS capacity for scale-up",,"LMIC not receiving partner support","LMIC not receiving partner support","LMIC not receiving partner support","LMIC without any partner activity mapped"
,"Brazil","BRA","Upper middle income","Strengthen","– Build additional NGS capacity for scale-up",7,"LMIC receiving partner support","LMIC receiving partner support","LMIC receiving partner support","Country receiving partner support"
,"British Indian Ocean Territory","IOT","NaN","Test","– Increase diagnostic testing capacity",,"LMIC not receiving partner support","LMIC not receiving partner support","LMIC not receiving partner support","LMIC without any partner activity mapped"
,"British Virgin Islands","VGB","High income","High Income*","",,"HIC not receiving partner support","HIC not receiving partner support","HIC not receiving partner support","HIC without any partner activity mapped"
,"Brunei","BRN","High income","High Income*","",,"HIC not receiving partner support","HIC not receiving partner support","HIC not receiving partner support","HIC without any partner activity mapped"
,"Bulgaria","BGR","Upper middle income","Strengthen","– Build additional NGS capacity for scale-up",,"LMIC not receiving partner support","LMIC not receiving partner support","LMIC not receiving partner support","LMIC without any partner activity mapped"
,"Burkina Faso","BFA","Low income","Leverage","– Leverage existing NGS capacity",1,"LMIC not receiving partner support","LMIC receiving partner support","LMIC receiving partner support","Country receiving partner support"
,"Burundi","BDI","Low income","Connect","– Set-up sample referral networks or build NGS capacity from scratch",,"LMIC not receiving partner support","LMIC not receiving partner support","LMIC not receiving partner support","LMIC without any partner activity mapped"
,"Cambodia","KHM","Lower middle income","Strengthen","– Build additional NGS capacity for scale-up",2,"LMIC not receiving partner support","LMIC receiving partner support","LMIC receiving partner support","Country receiving partner support"
,"Cameroon","CMR","Lower middle income","Leverage","– Leverage existing NGS capacity",4,"LMIC receiving partner support","LMIC receiving partner support","LMIC receiving partner support","Country receiving partner support"
,"Canada","CAN","High income","High Income*","",,"HIC not receiving partner support","HIC not receiving partner support","HIC not receiving partner support","HIC without any partner activity mapped"
,"Cape Verde","CPV","Lower middle income","Connect","– Set-up sample referral networks or build NGS capacity from scratch",,"LMIC not receiving partner support","LMIC not receiving partner support","LMIC not receiving partner support","LMIC without any partner activity mapped"
,"Cayman Islands","CYM","High income","High Income*","",,"HIC not receiving partner support","HIC not receiving partner support","HIC not receiving partner support","HIC without any partner activity mapped"
,"Central African Republic","CAF","Low income","Connect","– Set-up sample referral networks or build NGS capacity from scratch",,"LMIC not receiving partner support","LMIC not receiving partner support","LMIC not receiving partner support","LMIC without any partner activity mapped"
,"Chad","TCD","Low income","Connect","– Set-up sample referral networks or build NGS capacity from scratch",,"LMIC not receiving partner support","LMIC not receiving partner support","LMIC not receiving partner support","LMIC without any partner activity mapped"
,"Chile","CHL","High income","High Income*","",1,"HIC not receiving partner support","HIC receiving partner support","HIC receiving partner support","Country receiving partner support"
,"China","CHN","Upper middle income","High Income*","",2,"LMIC receiving partner support","LMIC receiving partner support","LMIC receiving partner support","Country receiving partner support"
,"Clipperton Island","","NaN","Test","– Increase diagnostic testing capacity",,"LMIC not receiving partner support","LMIC not receiving partner support","LMIC not receiving partner support","LMIC without any partner activity mapped"
,"Colombia","COL","Upper middle income","Strengthen","– Build additional NGS capacity for scale-up",3,"LMIC receiving partner support","LMIC receiving partner support","LMIC receiving partner support","Country receiving partner support"
,"Comoros","COM","Lower middle income","Test","– Increase diagnostic testing capacity",1,"LMIC not receiving partner support","LMIC receiving partner support","LMIC receiving partner support","Country receiving partner support"
,"Cook Islands","COK","NaN","Test","– Increase diagnostic testing capacity",,"LMIC not receiving partner support","LMIC not receiving partner support","LMIC not receiving partner support","LMIC without any partner activity mapped"
,"Costa Rica","CRI","Upper middle income","Strengthen","– Build additional NGS capacity for scale-up",3,"LMIC receiving partner support","LMIC receiving partner support","LMIC receiving partner support","Country receiving partner support"
,"Croatia","HRV","High income","High Income*","",,"HIC not receiving partner support","HIC not receiving partner support","HIC not receiving partner support","HIC without any partner activity mapped"
,"Cuba","CUB","Upper middle income","Leverage","– Leverage existing NGS capacity",,"LMIC not receiving partner support","LMIC not receiving partner support","LMIC not receiving partner support","LMIC without any partner activity mapped"
,"Curaçao","CUW","High income","High Income*","",,"HIC not receiving partner support","HIC not receiving partner support","HIC not receiving partner support","HIC without any partner activity mapped"
,"Cyprus","CYP","High income","High Income*","",,"HIC not receiving partner support","HIC not receiving partner support","HIC not receiving partner support","HIC without any partner activity mapped"
,"Czech Republic","CZE","High income","High Income*","",,"HIC not receiving partner support","HIC not receiving partner support","HIC not receiving partner support","HIC without any partner activity mapped"
,"Czech Republic","CZE","High income","High Income*","",,"HIC not receiving partner support","HIC not receiving partner support","HIC not receiving partner support","HIC without any partner activity mapped"
,"Demchok-Jammu & Kashmir Disputed Boundary","","NaN","Test","– Increase diagnostic testing capacity",,"LMIC not receiving partner support","LMIC not receiving partner support","LMIC not receiving partner support","LMIC without any partner activity mapped"
,"Demchok-Jammu & Kashmir Disputed Boundary","","NaN","Test","– Increase diagnostic testing capacity",,"LMIC not receiving partner support","LMIC not receiving partner support","LMIC not receiving partner support","LMIC without any partner activity mapped"
,"Democratic Republic of the Congo","COD","Low income","Strengthen","– Build additional NGS capacity for scale-up",1,"LMIC receiving partner support","LMIC receiving partner support","LMIC not receiving partner support","Country receiving partner support"
,"Denmark","DNK","High income","High Income*","",,"HIC not receiving partner support","HIC not receiving partner support","HIC not receiving partner support","HIC without any partner activity mapped"
,"Djibouti","DJI","Lower middle income","Connect","– Set-up sample referral networks or build NGS capacity from scratch",,"LMIC not receiving partner support","LMIC not receiving partner support","LMIC not receiving partner support","LMIC without any partner activity mapped"
,"Dominica","DMA","Upper middle income","Connect","– Set-up sample referral networks or build NGS capacity from scratch",,"LMIC not receiving partner support","LMIC not receiving partner support","LMIC not receiving partner support","LMIC without any partner activity mapped"
,"Dominican Republic","DOM","Upper middle income","Leverage","– Leverage existing NGS capacity",,"LMIC not receiving partner support","LMIC not receiving partner support","LMIC not receiving partner support","LMIC without any partner activity mapped"
,"East Timor","TLS","Lower middle income","Connect","– Set-up sample referral networks or build NGS capacity from scratch",,"LMIC not receiving partner support","LMIC not receiving partner support","LMIC not receiving partner support","LMIC without any partner activity mapped"
,"Ecuador","ECU","Upper middle income","Strengthen","– Build additional NGS capacity for scale-up",1,"LMIC not receiving partner support","LMIC receiving partner support","LMIC receiving partner support","Country receiving partner support"
,"Egypt","EGY","Lower middle income","Strengthen","– Build additional NGS capacity for scale-up",,"LMIC not receiving partner support","LMIC not receiving partner support","LMIC not receiving partner support","LMIC without any partner activity mapped"
,"El Salvador","SLV","Lower middle income","Leverage","– Leverage existing NGS capacity",,"LMIC not receiving partner support","LMIC not receiving partner support","LMIC not receiving partner support","LMIC without any partner activity mapped"
,"Equatorial Guinea","GNQ","Upper middle income","Connect","– Set-up sample referral networks or build NGS capacity from scratch",,"LMIC not receiving partner support","LMIC not receiving partner support","LMIC not receiving partner support","LMIC without any partner activity mapped"
,"Eritrea","ERI","Low income","Test","– Increase diagnostic testing capacity",,"LMIC not receiving partner support","LMIC not receiving partner support","LMIC not receiving partner support","LMIC without any partner activity mapped"
,"Estonia","EST","High income","High Income*","",,"HIC not receiving partner support","HIC not receiving partner support","HIC not receiving partner support","HIC without any partner activity mapped"
,"Eswatini","SWZ","Lower middle income","Connect","– Set-up sample referral networks or build NGS capacity from scratch",,"LMIC not receiving partner support","LMIC not receiving partner support","LMIC not receiving partner support","LMIC without any partner activity mapped"
,"Ethiopia","ETH","Low income","Connect","– Set-up sample referral networks or build NGS capacity from scratch",5,"LMIC receiving partner support","LMIC receiving partner support","LMIC receiving partner support","Country receiving partner support"
,"Falkland Islands","FLK","NaN","Test","– Increase diagnostic testing capacity",,"LMIC not receiving partner support","LMIC not receiving partner support","LMIC not receiving partner support","LMIC without any partner activity mapped"
,"Faroe Islands","FRO","High income","High Income*","",,"HIC not receiving partner support","HIC not receiving partner support","HIC not receiving partner support","HIC without any partner activity mapped"
,"Fiji","FJI","Upper middle income","Connect","– Set-up sample referral networks or build NGS capacity from scratch",,"LMIC not receiving partner support","LMIC not receiving partner support","LMIC not receiving partner support","LMIC without any partner activity mapped"
,"Finland","FIN","High income","High Income*","",,"HIC not receiving partner support","HIC not receiving partner support","HIC not receiving partner support","HIC without any partner activity mapped"
,"France","FRA","High income","High Income*","",,"HIC not receiving partner support","HIC not receiving partner support","HIC not receiving partner support","HIC without any partner activity mapped"
,"French Polynesia","PYF","High income","High Income*","",,"HIC not receiving partner support","HIC not receiving partner support","HIC not receiving partner support","HIC without any partner activity mapped"
,"French Southern and Antarctic Lands","ATF","NaN","Test","– Increase diagnostic testing capacity",,"LMIC not receiving partner support","LMIC not receiving partner support","LMIC not receiving partner support","LMIC without any partner activity mapped"
,"Gabon","GAB","Upper middle income","Leverage","– Leverage existing NGS capacity",1,"LMIC not receiving partner support","LMIC receiving partner support","LMIC receiving partner support","Country receiving partner support"
,"Georgia","GEO","Upper middle income","Leverage","– Leverage existing NGS capacity",2,"LMIC receiving partner support","LMIC receiving partner support","LMIC not receiving partner support","Country receiving partner support"
,"Germany","DEU","High income","High Income*","",1,"HIC not receiving partner support","HIC not receiving partner support","HIC not receiving partner support","Country receiving partner support"
,"Ghana","GHA","Lower middle income","Strengthen","– Build additional NGS capacity for scale-up",2,"LMIC not receiving partner support","LMIC receiving partner support","LMIC receiving partner support","Country receiving partner support"
,"Gibraltar","GIB","High income","High Income*","",,"HIC not receiving partner support","HIC not receiving partner support","HIC not receiving partner support","HIC without any partner activity mapped"
,"Greece","GRC","High income","High Income*","",,"HIC not receiving partner support","HIC not receiving partner support","HIC not receiving partner support","HIC without any partner activity mapped"
,"Greenland","GRL","High income","High Income*","",,"HIC not receiving partner support","HIC not receiving partner support","HIC not receiving partner support","HIC without any partner activity mapped"
,"Grenada","GRD","Upper middle income","Connect","– Set-up sample referral networks or build NGS capacity from scratch",,"LMIC not receiving partner support","LMIC not receiving partner support","LMIC not receiving partner support","LMIC without any partner activity mapped"
,"Guam","GUM","High income","High Income*","",,"HIC not receiving partner support","HIC not receiving partner support","HIC not receiving partner support","HIC without any partner activity mapped"
,"Guantanamo Bay Naval Base","","NaN","Test","– Increase diagnostic testing capacity",,"LMIC not receiving partner support","LMIC not receiving partner support","LMIC not receiving partner support","LMIC without any partner activity mapped"
,"Guatemala","GTM","Upper middle income","Strengthen","– Build additional NGS capacity for scale-up",1,"LMIC not receiving partner support","LMIC receiving partner support","LMIC receiving partner support","Country receiving partner support"
,"Guernsey","GGY","NaN","Test","– Increase diagnostic testing capacity",,"LMIC not receiving partner support","LMIC not receiving partner support","LMIC not receiving partner support","LMIC without any partner activity mapped"
,"Guinea","GIN","Low income","Test","– Increase diagnostic testing capacity",2,"LMIC not receiving partner support","LMIC receiving partner support","LMIC not receiving partner support","Country receiving partner support"
,"Guinea-Bissau","GNB","Low income","Test","– Increase diagnostic testing capacity",,"LMIC not receiving partner support","LMIC not receiving partner support","LMIC not receiving partner support","LMIC without any partner activity mapped"
,"Guyana","GUY","Upper middle income","Connect","– Set-up sample referral networks or build NGS capacity from scratch",,"LMIC not receiving partner support","LMIC not receiving partner support","LMIC not receiving partner support","LMIC without any partner activity mapped"
,"Haiti","HTI","Low income","Test","– Increase diagnostic testing capacity",2,"LMIC receiving partner support","LMIC receiving partner support","LMIC receiving partner support","Country receiving partner support"
,"Heard Island and McDonald Islands","HMD","NaN","Test","– Increase diagnostic testing capacity",,"LMIC not receiving partner support","LMIC not receiving partner support","LMIC not receiving partner support","LMIC without any partner activity mapped"
,"Honduras","HND","Lower middle income","Test","– Increase diagnostic testing capacity",,"LMIC not receiving partner support","LMIC not receiving partner support","LMIC not receiving partner support","LMIC without any partner activity mapped"
,"Hong Kong SAR, China","HKG","High income","High Income*","",,"HIC not receiving partner support","HIC not receiving partner support","HIC not receiving partner support","HIC without any partner activity mapped"
,"Hungary","HUN","High income","High Income*","",,"HIC not receiving partner support","HIC not receiving partner support","HIC not receiving partner support","HIC without any partner activity mapped"
,"Iceland","ISL","High income","High Income*","",,"HIC not receiving partner support","HIC not receiving partner support","HIC not receiving partner support","HIC without any partner activity mapped"
,"India","IND","Lower middle income","Strengthen","– Build additional NGS capacity for scale-up",11,"LMIC receiving partner support","LMIC receiving partner support","LMIC receiving partner support","Country receiving partner support"
,"India-Pakistan Line of Control","","NaN","Test","– Increase diagnostic testing capacity",,"LMIC not receiving partner support","LMIC not receiving partner support","LMIC not receiving partner support","LMIC without any partner activity mapped"
,"Indonesia","IDN","Upper middle income","Strengthen","– Build additional NGS capacity for scale-up",5,"LMIC not receiving partner support","LMIC receiving partner support","LMIC receiving partner support","Country receiving partner support"
,"Iran","IRN","Upper middle income","Strengthen","– Build additional NGS capacity for scale-up",,"LMIC not receiving partner support","LMIC not receiving partner support","LMIC not receiving partner support","LMIC without any partner activity mapped"
,"Iraq","IRQ","Upper middle income","Leverage","– Leverage existing NGS capacity",,"LMIC not receiving partner support","LMIC not receiving partner support","LMIC not receiving partner support","LMIC without any partner activity mapped"
,"Ireland","IRL","High income","High Income*","",,"HIC not receiving partner support","HIC not receiving partner support","HIC not receiving partner support","HIC without any partner activity mapped"
,"Isle of Man","IMN","High income","High Income*","",,"HIC not receiving partner support","HIC not receiving partner support","HIC not receiving partner support","HIC without any partner activity mapped"
,"Israel","ISR","High income","High Income*","",,"HIC not receiving partner support","HIC not receiving partner support","HIC not receiving partner support","HIC without any partner activity mapped"
,"Italy","ITA","High income","High Income*","",,"HIC not receiving partner support","HIC not receiving partner support","HIC not receiving partner support","HIC without any partner activity mapped"
,"Ivory Coast","CIV","Lower middle income","Connect","– Set-up sample referral networks or build NGS capacity from scratch",,"LMIC not receiving partner support","LMIC not receiving partner support","LMIC not receiving partner support","LMIC without any partner activity mapped"
,"Jamaica","JAM","Upper middle income","Connect","– Set-up sample referral networks or build NGS capacity from scratch",2,"LMIC not receiving partner support","LMIC receiving partner support","LMIC receiving partner support","Country receiving partner support"
,"Japan","JPN","High income","High Income*","",,"HIC not receiving partner support","HIC not receiving partner support","HIC not receiving partner support","HIC without any partner activity mapped"
,"Jersey","JEY","NaN","Test","– Increase diagnostic testing capacity",,"LMIC not receiving partner support","LMIC not receiving partner support","LMIC not receiving partner support","LMIC without any partner activity mapped"
,"Jordan","JOR","Upper middle income","Strengthen","– Build additional NGS capacity for scale-up",,"LMIC not receiving partner support","LMIC not receiving partner support","LMIC not receiving partner support","LMIC without any partner activity mapped"
,"Kazakhstan","KAZ","Upper middle income","Leverage","– Leverage existing NGS capacity",2,"LMIC receiving partner support","LMIC receiving partner support","LMIC not receiving partner support","Country receiving partner support"
,"Kenya","KEN","Lower middle income","Strengthen","– Build additional NGS capacity for scale-up",8,"LMIC receiving partner support","LMIC receiving partner support","LMIC receiving partner support","Country receiving partner support"
,"Kiribati","KIR","Lower middle income","Connect","– Set-up sample referral networks or build NGS capacity from scratch",,"LMIC not receiving partner support","LMIC not receiving partner support","LMIC not receiving partner support","LMIC without any partner activity mapped"
,"Kosovo","XKX","Upper middle income","Connect","– Set-up sample referral networks or build NGS capacity from scratch",,"LMIC not receiving partner support","LMIC not receiving partner support","LMIC not receiving partner support","LMIC without any partner activity mapped"
,"Kuwait","KWT","High income","High Income*","",,"HIC not receiving partner support","HIC not receiving partner support","HIC not receiving partner support","HIC without any partner activity mapped"
,"Kyrgyzstan","KGZ","Lower middle income","Connect","– Set-up sample referral networks or build NGS capacity from scratch",,"LMIC not receiving partner support","LMIC not receiving partner support","LMIC not receiving partner support","LMIC without any partner activity mapped"
,"Laos","LAO","Lower middle income","Connect","– Set-up sample referral networks or build NGS capacity from scratch",3,"LMIC not receiving partner support","LMIC receiving partner support","LMIC receiving partner support","Country receiving partner support"
,"Latvia","LVA","High income","High Income*","",,"HIC not receiving partner support","HIC not receiving partner support","HIC not receiving partner support","HIC without any partner activity mapped"
,"Lebanon","LBN","Upper middle income","Strengthen","– Build additional NGS capacity for scale-up",3,"LMIC receiving partner support","LMIC receiving partner support","LMIC receiving partner support","Country receiving partner support"
,"Lesotho","LSO","Lower middle income","Connect","– Set-up sample referral networks or build NGS capacity from scratch",,"LMIC not receiving partner support","LMIC not receiving partner support","LMIC not receiving partner support","LMIC without any partner activity mapped"
,"Liberia","LBR","Low income","Connect","– Set-up sample referral networks or build NGS capacity from scratch",,"LMIC not receiving partner support","LMIC not receiving partner support","LMIC not receiving partner support","LMIC without any partner activity mapped"
,"Libya","LBY","Upper middle income","Connect","– Set-up sample referral networks or build NGS capacity from scratch",,"LMIC not receiving partner support","LMIC not receiving partner support","LMIC not receiving partner support","LMIC without any partner activity mapped"
,"Liechtenstein","LIE","High income","High Income*","",,"HIC not receiving partner support","HIC not receiving partner support","HIC not receiving partner support","HIC without any partner activity mapped"
,"Lithuania","LTU","High income","High Income*","",,"HIC not receiving partner support","HIC not receiving partner support","HIC not receiving partner support","HIC without any partner activity mapped"
,"Luxembourg","LUX","High income","High Income*","",,"HIC not receiving partner support","HIC not receiving partner support","HIC not receiving partner support","HIC without any partner activity mapped"
,"Macao SAR, China","MAC","High income","High Income*","",,"HIC not receiving partner support","HIC not receiving partner support","HIC not receiving partner support","HIC without any partner activity mapped"
,"Madagascar","MDG","Low income","Leverage","– Leverage existing NGS capacity",4,"LMIC receiving partner support","LMIC receiving partner support","LMIC receiving partner support","Country receiving partner support"
,"Malawi","MWI","Low income","Leverage","– Leverage existing NGS capacity",2,"LMIC not receiving partner support","LMIC receiving partner support","LMIC receiving partner support","Country receiving partner support"
,"Malaysia","MYS","Upper middle income","Leverage","– Leverage existing NGS capacity",,"LMIC not receiving partner support","LMIC not receiving partner support","LMIC not receiving partner support","LMIC without any partner activity mapped"
,"Malaysia","MYS","Upper middle income","Strengthen","– Build additional NGS capacity for scale-up",,"LMIC not receiving partner support","LMIC not receiving partner support","LMIC not receiving partner support","LMIC without any partner activity mapped"
,"Maldives","MDV","Upper middle income","Connect","– Set-up sample referral networks or build NGS capacity from scratch",,"LMIC not receiving partner support","LMIC not receiving partner support","LMIC not receiving partner support","LMIC without any partner activity mapped"
,"Mali","MLI","Low income","Leverage","– Leverage existing NGS capacity",2,"LMIC not receiving partner support","LMIC receiving partner support","LMIC receiving partner support","Country receiving partner support"
,"Malta","MLT","High income","High Income*","",,"HIC not receiving partner support","HIC not receiving partner support","HIC not receiving partner support","HIC without any partner activity mapped"
,"Marshall Islands","MHL","Upper middle income","Test","– Increase diagnostic testing capacity",,"LMIC not receiving partner support","LMIC not receiving partner support","LMIC not receiving partner support","LMIC without any partner activity mapped"
,"Mauritania","MRT","Lower middle income","Connect","– Set-up sample referral networks or build NGS capacity from scratch",,"LMIC not receiving partner support","LMIC not receiving partner support","LMIC not receiving partner support","LMIC without any partner activity mapped"
,"Mauritius","MUS","High income","High Income*","",,"HIC not receiving partner support","HIC not receiving partner support","HIC not receiving partner support","HIC without any partner activity mapped"
,"Mexico","MEX","Upper middle income","Strengthen","– Build additional NGS capacity for scale-up",1,"LMIC not receiving partner support","LMIC receiving partner support","LMIC receiving partner support","Country receiving partner support"
,"Micronesia","FSM","Lower middle income","Test","– Increase diagnostic testing capacity",,"LMIC not receiving partner support","LMIC not receiving partner support","LMIC not receiving partner support","LMIC without any partner activity mapped"
,"Moldova","MDA","Lower middle income","Connect","– Set-up sample referral networks or build NGS capacity from scratch",,"LMIC not receiving partner support","LMIC not receiving partner support","LMIC not receiving partner support","LMIC without any partner activity mapped"
,"Monaco","MCO","High income","High Income*","",,"HIC not receiving partner support","HIC not receiving partner support","HIC not receiving partner support","HIC without any partner activity mapped"
,"Mongolia","MNG","Lower middle income","Connect","– Set-up sample referral networks or build NGS capacity from scratch",,"LMIC not receiving partner support","LMIC not receiving partner support","LMIC not receiving partner support","LMIC without any partner activity mapped"
,"Montenegro","MNE","Upper middle income","Connect","– Set-up sample referral networks or build NGS capacity from scratch",,"LMIC not receiving partner support","LMIC not receiving partner support","LMIC not receiving partner support","LMIC without any partner activity mapped"
,"Montserrat","MSR","NaN","Test","– Increase diagnostic testing capacity",,"LMIC not receiving partner support","LMIC not receiving partner support","LMIC not receiving partner support","LMIC without any partner activity mapped"
,"Morocco","MAR","Lower middle income","Leverage","– Leverage existing NGS capacity",,"LMIC not receiving partner support","LMIC not receiving partner support","LMIC not receiving partner support","LMIC without any partner activity mapped"
,"Mozambique","MOZ","Low income","Leverage","– Leverage existing NGS capacity",,"LMIC not receiving partner support","LMIC not receiving partner support","LMIC not receiving partner support","LMIC without any partner activity mapped"
,"Myanmar","MMR","Lower middle income","Leverage","– Leverage existing NGS capacity",1,"LMIC not receiving partner support","LMIC receiving partner support","LMIC receiving partner support","Country receiving partner support"
,"Namibia","NAM","Upper middle income","Connect","– Set-up sample referral networks or build NGS capacity from scratch",,"LMIC not receiving partner support","LMIC not receiving partner support","LMIC not receiving partner support","LMIC without any partner activity mapped"
,"Nauru","NRU","High income","High Income*","",,"HIC not receiving partner support","HIC not receiving partner support","HIC not receiving partner support","HIC without any partner activity mapped"
,"Nepal","NPL","Lower middle income","Leverage","– Leverage existing NGS capacity",3,"LMIC not receiving partner support","LMIC receiving partner support","LMIC receiving partner support","Country receiving partner support"
,"Netherlands","NLD","High income","High Income*","",,"HIC not receiving partner support","HIC not receiving partner support","HIC not receiving partner support","HIC without any partner activity mapped"
,"New Caledonia","NCL","High income","High Income*","",,"HIC not receiving partner support","HIC not receiving partner support","HIC not receiving partner support","HIC without any partner activity mapped"
,"New Zealand","NZL","High income","High Income*","",,"HIC not receiving partner support","HIC not receiving partner support","HIC not receiving partner support","HIC without any partner activity mapped"
,"Nicaragua","NIC","Lower middle income","Test","– Increase diagnostic testing capacity",,"LMIC not receiving partner support","LMIC not receiving partner support","LMIC not receiving partner support","LMIC without any partner activity mapped"
,"Niger","NER","Low income","Connect","– Set-up sample referral networks or build NGS capacity from scratch",,"LMIC not receiving partner support","LMIC not receiving partner support","LMIC not receiving partner support","LMIC without any partner activity mapped"
,"Nigeria","NGA","Lower middle income","Strengthen","– Build additional NGS capacity for scale-up",4,"LMIC receiving partner support","LMIC receiving partner support","LMIC receiving partner support","Country receiving partner support"
,"Niue","NIU","NaN","Test","– Increase diagnostic testing capacity",,"LMIC not receiving partner support","LMIC not receiving partner support","LMIC not receiving partner support","LMIC without any partner activity mapped"
,"Norfolk Island","NFK","NaN","Test","– Increase diagnostic testing capacity",,"LMIC not receiving partner support","LMIC not receiving partner support","LMIC not receiving partner support","LMIC without any partner activity mapped"
,"North Korea","PRK","Low income","Test","– Increase diagnostic testing capacity",,"LMIC not receiving partner support","LMIC not receiving partner support","LMIC not receiving partner support","LMIC without any partner activity mapped"
,"North Korea-South Korea Disputed Boundary","","NaN","Test","– Increase diagnostic testing capacity",,"LMIC not receiving partner support","LMIC not receiving partner support","LMIC not receiving partner support","LMIC without any partner activity mapped"
,"North Macedonia","MKD","Upper middle income","Strengthen","– Build additional NGS capacity for scale-up",,"LMIC not receiving partner support","LMIC not receiving partner support","LMIC not receiving partner support","LMIC without any partner activity mapped"
,"Northern Mariana Islands","MNP","High income","High Income*","",,"HIC not receiving partner support","HIC not receiving partner support","HIC not receiving partner support","HIC without any partner activity mapped"
,"Norway","NOR","High income","High Income*","",,"HIC not receiving partner support","HIC not receiving partner support","HIC not receiving partner support","HIC without any partner activity mapped"
,"Oman","OMN","High income","High Income*","",3,"HIC receiving partner support","HIC receiving partner support","HIC not receiving partner support","Country receiving partner support"
,"Pakistan","PAK","Lower middle income","Strengthen","– Build additional NGS capacity for scale-up",2,"LMIC not receiving partner support","LMIC receiving partner support","LMIC not receiving partner support","Country receiving partner support"
,"Palau","PLW","High income","High Income*","",,"HIC not receiving partner support","HIC not receiving partner support","HIC not receiving partner support","HIC without any partner activity mapped"
,"Palestine","PSE","Lower middle income","Connect","– Set-up sample referral networks or build NGS capacity from scratch",,"LMIC not receiving partner support","LMIC not receiving partner support","LMIC not receiving partner support","LMIC without any partner activity mapped"
,"Panama","PAN","High income","High Income*","",3,"HIC receiving partner support","HIC receiving partner support","HIC receiving partner support","Country receiving partner support"
,"Papua New Guinea","PNG","Lower middle income","Test","– Increase diagnostic testing capacity",,"LMIC not receiving partner support","LMIC not receiving partner support","LMIC not receiving partner support","LMIC without any partner activity mapped"
,"Paraguay","PRY","Upper middle income","Connect","– Set-up sample referral networks or build NGS capacity from scratch",1,"LMIC not receiving partner support","LMIC receiving partner support","LMIC receiving partner support","Country receiving partner support"
,"Peru","PER","Upper middle income","Strengthen","– Build additional NGS capacity for scale-up",1,"LMIC not receiving partner support","LMIC receiving partner support","LMIC receiving partner support","Country receiving partner support"
,"Philippines","PHL","Lower middle income","Strengthen","– Build additional NGS capacity for scale-up",,"LMIC not receiving partner support","LMIC not receiving partner support","LMIC not receiving partner support","LMIC without any partner activity mapped"
,"Pitcairn Islands","PCN","NaN","Test","– Increase diagnostic testing capacity",,"LMIC not receiving partner support","LMIC not receiving partner support","LMIC not receiving partner support","LMIC without any partner activity mapped"
,"Poland","POL","High income","High Income*","",,"HIC not receiving partner support","HIC not receiving partner support","HIC not receiving partner support","HIC without any partner activity mapped"
,"Portugal","PRT","High income","High Income*","",,"HIC not receiving partner support","HIC not receiving partner support","HIC not receiving partner support","HIC without any partner activity mapped"
,"Puerto Rico","PRI","High income","High Income*","",,"HIC not receiving partner support","HIC not receiving partner support","HIC not receiving partner support","HIC without any partner activity mapped"
,"Qatar","QAT","High income","High Income*","",,"HIC not receiving partner support","HIC not receiving partner support","HIC not receiving partner support","HIC without any partner activity mapped"
,"Republic of the Congo","COG","Lower middle income","Connect","– Set-up sample referral networks or build NGS capacity from scratch",,"LMIC not receiving partner support","LMIC not receiving partner support","LMIC not receiving partner support","LMIC without any partner activity mapped"
,"Romania","ROU","High income","High Income*","",,"HIC not receiving partner support","HIC not receiving partner support","HIC not receiving partner support","HIC without any partner activity mapped"
,"Russia","RUS","Upper middle income","High Income*","",1,"LMIC receiving partner support","LMIC receiving partner support","LMIC not receiving partner support","Country receiving partner support"
,"Rwanda","RWA","Low income","Connect","– Set-up sample referral networks or build NGS capacity from scratch",,"LMIC not receiving partner support","LMIC not receiving partner support","LMIC not receiving partner support","LMIC without any partner activity mapped"
,"Saint Helena","SHN","NaN","Test","– Increase diagnostic testing capacity",,"LMIC not receiving partner support","LMIC not receiving partner support","LMIC not receiving partner support","LMIC without any partner activity mapped"
,"Saint Kitts and Nevis","KNA","High income","High Income*","",,"HIC not receiving partner support","HIC not receiving partner support","HIC not receiving partner support","HIC without any partner activity mapped"
,"Saint Lucia","LCA","Upper middle income","Connect","– Set-up sample referral networks or build NGS capacity from scratch",,"LMIC not receiving partner support","LMIC not receiving partner support","LMIC not receiving partner support","LMIC without any partner activity mapped"
,"Saint Martin","MAF","High income","High Income*","",,"HIC not receiving partner support","HIC not receiving partner support","HIC not receiving partner support","HIC without any partner activity mapped"
,"Saint Pierre and Miquelon","SPM","NaN","Test","– Increase diagnostic testing capacity",,"LMIC not receiving partner support","LMIC not receiving partner support","LMIC not receiving partner support","LMIC without any partner activity mapped"
,"Saint Vincent and the Grenadines","VCT","Upper middle income","Connect","– Set-up sample referral networks or build NGS capacity from scratch",,"LMIC not receiving partner support","LMIC not receiving partner support","LMIC not receiving partner support","LMIC without any partner activity mapped"
,"Saint-Barthélemy","BLM","NaN","Test","– Increase diagnostic testing capacity",,"LMIC not receiving partner support","LMIC not receiving partner support","LMIC not receiving partner support","LMIC without any partner activity mapped"
,"Samoa","WSM","Upper middle income","Test","– Increase diagnostic testing capacity",,"LMIC not receiving partner support","LMIC not receiving partner support","LMIC not receiving partner support","LMIC without any partner activity mapped"
,"San Marino","SMR","High income","High Income*","",,"HIC not receiving partner support","HIC not receiving partner support","HIC not receiving partner support","HIC without any partner activity mapped"
,"São Tomé and Príncipe","STP","Lower middle income","Connect","– Set-up sample referral networks or build NGS capacity from scratch",,"LMIC not receiving partner support","LMIC not receiving partner support","LMIC not receiving partner support","LMIC without any partner activity mapped"
,"Saudi Arabia","SAU","High income","High Income*","",,"HIC not receiving partner support","HIC not receiving partner support","HIC not receiving partner support","HIC without any partner activity mapped"
,"Senegal","SEN","Lower middle income","Strengthen","– Build additional NGS capacity for scale-up",2,"LMIC receiving partner support","LMIC receiving partner support","LMIC receiving partner support","Country receiving partner support"
,"Serbia","SRB","Upper middle income","Leverage","– Leverage existing NGS capacity",,"LMIC not receiving partner support","LMIC not receiving partner support","LMIC not receiving partner support","LMIC without any partner activity mapped"
,"Seychelles","SYC","High income","High Income*","",1,"HIC not receiving partner support","HIC receiving partner support","HIC receiving partner support","Country receiving partner support"
,"Sierra Leone","SLE","Low income","Test","– Increase diagnostic testing capacity",,"LMIC not receiving partner support","LMIC not receiving partner support","LMIC not receiving partner support","LMIC without any partner activity mapped"
,"Singapore","SGP","High income","High Income*","",,"HIC not receiving partner support","HIC not receiving partner support","HIC not receiving partner support","HIC without any partner activity mapped"
,"Sint Maarten (Dutch part)","SXM","High income","High Income*","",,"HIC not receiving partner support","HIC not receiving partner support","HIC not receiving partner support","HIC without any partner activity mapped"
,"Slovakia","SVK","High income","High Income*","",,"HIC not receiving partner support","HIC not receiving partner support","HIC not receiving partner support","HIC without any partner activity mapped"
,"Slovakia","SVK","High income","High Income*","",,"HIC not receiving partner support","HIC not receiving partner support","HIC not receiving partner support","HIC without any partner activity mapped"
,"Slovenia","SVN","High income","High Income*","",,"HIC not receiving partner support","HIC not receiving partner support","HIC not receiving partner support","HIC without any partner activity mapped"
,"Solomon Islands","SLB","Lower middle income","Connect","– Set-up sample referral networks or build NGS capacity from scratch",,"LMIC not receiving partner support","LMIC not receiving partner support","LMIC not receiving partner support","LMIC without any partner activity mapped"
,"Somalia","SOM","Low income","Test","– Increase diagnostic testing capacity",,"LMIC not receiving partner support","LMIC not receiving partner support","LMIC not receiving partner support","LMIC without any partner activity mapped"
,"South Africa","ZAF","Upper middle income","Strengthen","– Build additional NGS capacity for scale-up",6,"LMIC receiving partner support","LMIC receiving partner support","LMIC receiving partner support","Country receiving partner support"
,"South Georgia and the South Sandwich Islands","SGS","NaN","Test","– Increase diagnostic testing capacity",,"LMIC not receiving partner support","LMIC not receiving partner support","LMIC not receiving partner support","LMIC without any partner activity mapped"
,"South Korea","KOR","High income","High Income*","",,"HIC not receiving partner support","HIC not receiving partner support","HIC not receiving partner support","HIC without any partner activity mapped"
,"South Sudan","SSD","Low income","Connect","– Set-up sample referral networks or build NGS capacity from scratch",,"LMIC not receiving partner support","LMIC not receiving partner support","LMIC not receiving partner support","LMIC without any partner activity mapped"
,"Spain","ESP","High income","High Income*","",,"HIC not receiving partner support","HIC not receiving partner support","HIC not receiving partner support","HIC without any partner activity mapped"
,"Sri Lanka","LKA","Lower middle income","Strengthen","– Build additional NGS capacity for scale-up",1,"LMIC not receiving partner support","LMIC receiving partner support","LMIC receiving partner support","Country receiving partner support"
,"Sudan","SDN","Low income","Test","– Increase diagnostic testing capacity",1,"LMIC not receiving partner support","LMIC receiving partner support","LMIC receiving partner support","Country receiving partner support"
,"Suriname","SUR","Upper middle income","Leverage","– Leverage existing NGS capacity",,"LMIC not receiving partner support","LMIC not receiving partner support","LMIC not receiving partner support","LMIC without any partner activity mapped"
,"Sweden","SWE","High income","High Income*","",,"HIC not receiving partner support","HIC not receiving partner support","HIC not receiving partner support","HIC without any partner activity mapped"
,"Switzerland","CHE","High income","High Income*","",,"HIC not receiving partner support","HIC not receiving partner support","HIC not receiving partner support","HIC without any partner activity mapped"
,"Syria","SYR","Low income","Test","– Increase diagnostic testing capacity",,"LMIC not receiving partner support","LMIC not receiving partner support","LMIC not receiving partner support","LMIC without any partner activity mapped"
,"Taiwan","TWN","High income","High Income*","",,"HIC not receiving partner support","HIC not receiving partner support","HIC not receiving partner support","HIC without any partner activity mapped"
,"Tajikistan","TJK","Low income","Test","– Increase diagnostic testing capacity",,"LMIC not receiving partner support","LMIC not receiving partner support","LMIC not receiving partner support","LMIC without any partner activity mapped"
,"Tanzania","TZA","Lower middle income","Connect","– Set-up sample referral networks or build NGS capacity from scratch",3,"LMIC receiving partner support","LMIC receiving partner support","LMIC receiving partner support","Country receiving partner support"
,"Thailand","THA","Upper middle income","Strengthen","– Build additional NGS capacity for scale-up",7,"LMIC receiving partner support","LMIC receiving partner support","LMIC receiving partner support","Country receiving partner support"
,"The Bahamas","BHS","High income","High Income*","",1,"HIC not receiving partner support","HIC receiving partner support","HIC receiving partner support","Country receiving partner support"
,"The Gambia","GMB","Low income","Strengthen","– Build additional NGS capacity for scale-up",1,"LMIC not receiving partner support","LMIC receiving partner support","LMIC receiving partner support","Country receiving partner support"
,"Togo","TGO","Low income","Test","– Increase diagnostic testing capacity",,"LMIC not receiving partner support","LMIC not receiving partner support","LMIC not receiving partner support","LMIC without any partner activity mapped"
,"Tonga","TON","Upper middle income","Connect","– Set-up sample referral networks or build NGS capacity from scratch",,"LMIC not receiving partner support","LMIC not receiving partner support","LMIC not receiving partner support","LMIC without any partner activity mapped"
,"Trinidad and Tobago","TTO","High income","High Income*","",1,"HIC not receiving partner support","HIC receiving partner support","HIC not receiving partner support","Country receiving partner support"
,"Tunisia","TUN","Lower middle income","Leverage","– Leverage existing NGS capacity",,"LMIC not receiving partner support","LMIC not receiving partner support","LMIC not receiving partner support","LMIC without any partner activity mapped"
,"Turkey","TUR","Upper middle income","Strengthen","– Build additional NGS capacity for scale-up",,"LMIC not receiving partner support","LMIC not receiving partner support","LMIC not receiving partner support","LMIC without any partner activity mapped"
,"Turkmenistan","TKM","Upper middle income","Connect","– Set-up sample referral networks or build NGS capacity from scratch",,"LMIC not receiving partner support","LMIC not receiving partner support","LMIC not receiving partner support","LMIC without any partner activity mapped"
,"Turks and Caicos Islands","TCA","High income","High Income*","",,"HIC not receiving partner support","HIC not receiving partner support","HIC not receiving partner support","HIC without any partner activity mapped"
,"Tuvalu","TUV","Upper middle income","Test","– Increase diagnostic testing capacity",,"LMIC not receiving partner support","LMIC not receiving partner support","LMIC not receiving partner support","LMIC without any partner activity mapped"
,"U.S. Virgin Islands","VIR","High income","High Income*","",,"HIC not receiving partner support","HIC not receiving partner support","HIC not receiving partner support","HIC without any partner activity mapped"
,"Uganda","UGA","Low income","Strengthen","– Build additional NGS capacity for scale-up",3,"LMIC receiving partner support","LMIC receiving partner support","LMIC receiving partner support","Country receiving partner support"
,"Ukraine","UKR","Lower middle income","Leverage","– Leverage existing NGS capacity",1,"LMIC receiving partner support","LMIC not receiving partner support","LMIC not receiving partner support","Country receiving partner support"
,"United Arab Emirates","ARE","High income","High Income*","",,"HIC not receiving partner support","HIC not receiving partner support","HIC not receiving partner support","HIC without any partner activity mapped"
,"United Kingdom","GBR","High income","High Income*","",,"HIC not receiving partner support","HIC not receiving partner support","HIC not receiving partner support","HIC without any partner activity mapped"
,"United Nations Buffer Zone in Cyprus","","NaN","Test","– Increase diagnostic testing capacity",,"LMIC not receiving partner support","LMIC not receiving partner support","LMIC not receiving partner support","LMIC without any partner activity mapped"
,"United States Minor Outlying Islands","UMI","NaN","Test","– Increase diagnostic testing capacity",,"LMIC not receiving partner support","LMIC not receiving partner support","LMIC not receiving partner support","LMIC without any partner activity mapped"
,"United States Minor Outlying Islands","UMI","NaN","Test","– Increase diagnostic testing capacity",,"LMIC not receiving partner support","LMIC not receiving partner support","LMIC not receiving partner support","LMIC without any partner activity mapped"
,"United States Minor Outlying Islands","UMI","NaN","Test","– Increase diagnostic testing capacity",,"LMIC not receiving partner support","LMIC not receiving partner support","LMIC not receiving partner support","LMIC without any partner activity mapped"
,"United States Minor Outlying Islands","UMI","NaN","Test","– Increase diagnostic testing capacity",,"LMIC not receiving partner support","LMIC not receiving partner support","LMIC not receiving partner support","LMIC without any partner activity mapped"
,"United States Minor Outlying Islands","UMI","NaN","Test","– Increase diagnostic testing capacity",,"LMIC not receiving partner support","LMIC not receiving partner support","LMIC not receiving partner support","LMIC without any partner activity mapped"
,"United States Minor Outlying Islands","UMI","NaN","Test","– Increase diagnostic testing capacity",,"LMIC not receiving partner support","LMIC not receiving partner support","LMIC not receiving partner support","LMIC without any partner activity mapped"
,"United States Minor Outlying Islands","UMI","NaN","Test","– Increase diagnostic testing capacity",,"LMIC not receiving partner support","LMIC not receiving partner support","LMIC not receiving partner support","LMIC without any partner activity mapped"
,"United States Minor Outlying Islands","UMI","NaN","Test","– Increase diagnostic testing capacity",,"LMIC not receiving partner support","LMIC not receiving partner support","LMIC not receiving partner support","LMIC without any partner activity mapped"
,"United States Minor Outlying Islands","UMI","NaN","Test","– Increase diagnostic testing capacity",,"LMIC not receiving partner support","LMIC not receiving partner support","LMIC not receiving partner support","LMIC without any partner activity mapped"
,"United States of America","USA","High income","High Income*","",4,"HIC receiving partner support","HIC receiving partner support","HIC receiving partner support","Country receiving partner support"
,"Uruguay","URY","High income","High Income*","",1,"HIC not receiving partner support","HIC receiving partner support","HIC receiving partner support","Country receiving partner support"
,"Uzbekistan","UZB","Lower middle income","Connect","– Set-up sample referral networks or build NGS capacity from scratch",,"LMIC not receiving partner support","LMIC not receiving partner support","LMIC not receiving partner support","LMIC without any partner activity mapped"
,"Vanuatu","VUT","Lower middle income","Connect","– Set-up sample referral networks or build NGS capacity from scratch",,"LMIC not receiving partner support","LMIC not receiving partner support","LMIC not receiving partner support","LMIC without any partner activity mapped"
,"Vatican City","VAT","NaN","Test","– Increase diagnostic testing capacity",,"LMIC not receiving partner support","LMIC not receiving partner support","LMIC not receiving partner support","LMIC without any partner activity mapped"
,"Venezuela","VEN","Upper middle income","Leverage","– Leverage existing NGS capacity",1,"LMIC not receiving partner support","LMIC receiving partner support","LMIC receiving partner support","Country receiving partner support"
,"Vietnam","VNM","Lower middle income","Leverage","– Leverage existing NGS capacity",7,"LMIC receiving partner support","LMIC receiving partner support","LMIC receiving partner support","Country receiving partner support"
,"Wallis and Futuna","WLF","NaN","Test","– Increase diagnostic testing capacity",,"LMIC not receiving partner support","LMIC not receiving partner support","LMIC not receiving partner support","LMIC without any partner activity mapped"
,"West Bank and Gaza","PSE","Lower middle income","Connect","– Set-up sample referral networks or build NGS capacity from scratch",,"LMIC not receiving partner support","LMIC not receiving partner support","LMIC not receiving partner support","LMIC without any partner activity mapped"
,"Western Sahara","ESH","NaN","Test","– Increase diagnostic testing capacity",,"LMIC not receiving partner support","LMIC not receiving partner support","LMIC not receiving partner support",
,"Western Sahara - Morocco Disputed Boundary","","NaN","Test","– Increase diagnostic testing capacity",,"LMIC not receiving partner support","LMIC not receiving partner support","LMIC not receiving partner support","LMIC without any partner activity mapped"
,"Yemen","YEM","Low income","Connect","– Set-up sample referral networks or build NGS capacity from scratch",,"LMIC not receiving partner support","LMIC not receiving partner support","LMIC not receiving partner support","LMIC without any partner activity mapped"
,"Zambia","ZMB","Lower middle income","Strengthen","– Build additional NGS capacity for scale-up",4,"LMIC receiving partner support","LMIC receiving partner support","LMIC receiving partner support","Country receiving partner support"
,"Zimbabwe","ZWE","Lower middle income","Leverage","– Leverage existing NGS capacity",,"LMIC not receiving partner support","LMIC not receiving partner support","LMIC not receiving partner support","LMIC without any partner activity mapped"
