"name","code","region","who_testing_capacity","owid_testing_capacity","pop_100k","max_new_tests_cap_avg","cap_cum_tests","cum_tpr","dx_testing_capacity","ngs_capacity","sequencing_capacity","total_sequences","total_viable_sequences","all_cases","percent_cases_sequenced","sequences_per_capita_per_100k","sars_cov_2_sequencing","cases_newly_reported_in_last_7_days_per_100000_population","world_bank_economies","archetype","archetype_full","Archetype"
"Afghanistan","AFG","Eastern Mediterranean",1,1,389.28,10.65,1775.35193177148,0.207549026275161,"Reliable testing capacity",NaN,"0 NGS facilities or equivalent",16,16,136643,0.01,0.04,"1-499 sequences",25.42,"Low income","2 - Connect","2 - Connect","Connect"
"Albania","ALB","Europe",1,1,28.78,123.74,30518.4850590688,0.151282786950572,"Reliable testing capacity",NaN,"0 NGS facilities or equivalent",30,30,132616,0.02,1.04,"1-499 sequences",1.25,"Upper middle income","2 - Connect","2 - Connect","Connect"
"Algeria","DZA","Africa",1,1,438.51,4.46,525.764520763495,0.703330687520874,"Reliable testing capacity",NaN,"0 NGS facilities or equivalent",28,17,148797,0.02,0.06,"1-499 sequences",7.77,"Lower middle income","2 - Connect","2 - Connect","Connect"
"American Samoa","ASM","Western Pacific",0,NaN,NaN,NaN,NaN,NaN,"Unreliable testing capacity",NaN,"0 NGS facilities or equivalent",0,NaN,NaN,NaN,NaN,"0 sequences",0,"Upper middle income","1 - Test","1 - Test","Test"
"Andorra","AND","Europe",1,1,0.77,11029.48,441271.428571429,0.0426689112629091,"Reliable testing capacity",NaN,"0 NGS facilities or equivalent",1,1,14167,0.01,1.29,"1-499 sequences",142.37,"High income","High Income *","High Income *","High Income*"
"Angola","AGO","Africa",1,1,328.66,15.99,2418.20726586746,0.052568799951684,"Reliable testing capacity",NaN,"0 NGS facilities or equivalent",746,742,40327,1.85,2.27,"500+ sequences",1.95,"Lower middle income","3 - Leverage","3 - Leverage","Leverage"
"Antigua and Barbuda","ATG","Americas",0,NaN,0.98,131.09,17040.8163265306,0.0766467065868263,"Reliable testing capacity",NaN,"0 NGS facilities or equivalent",18,11,1267,1.42,18.38,"1-499 sequences",2.04,"High income","High Income *","High Income *","High Income*"
"Argentina","ARG","Americas",1,1,451.96,224.27,41891.1054075582,0.255986287298691,"Reliable testing capacity",2,"4+ NGS facilities or equivalent",4338,2374,4702657,0.09,9.6,"500+ sequences",280.2,"Upper middle income","4 - Strengthen","4 - Strengthen","Strengthen"
"Armenia","ARM","Europe",1,NaN,29.63,157.62,44223.9622004725,0.17460751124122,"Reliable testing capacity",NaN,"0 NGS facilities or equivalent",81,78,226756,0.04,2.73,"1-499 sequences",25.85,"Upper middle income","2 - Connect","2 - Connect","Connect"
"Aruba","ABW","Americas",1,1,NaN,NaN,NaN,NaN,"Reliable testing capacity",NaN,"0 NGS facilities or equivalent",1224,1200,0,NaN,1146.43,"500+ sequences",8.43,"High income","High Income *","High Income *","High Income*"
"Australia","AUS","Western Pacific",1,1,255,485.17,94660.2078431373,0.00137051604142172,"Reliable testing capacity",2,"4+ NGS facilities or equivalent",19248,18561,31513,61.08,75.48,"500+ sequences",0.98,"High income","High Income *","High Income *","High Income*"
"Austria","AUT","Europe",1,1,90.06,5074.8,717321.119253831,0.0101586732534658,"Reliable testing capacity",2,"4+ NGS facilities or equivalent",31924,5938,652354,4.89,354.46,"500+ sequences",7.92,"High income","High Income *","High Income *","High Income*"
"Azerbaijan","AZE","Europe",0,1,101.39,161.18,39261.2387809449,0.0855234648605508,"Reliable testing capacity",1,"1-3 NGS facilities or equivalent",14,13,337602,0,0.14,"1-499 sequences",6.28,"Upper middle income","3 - Leverage","3 - Leverage","Leverage"
"Bahrain","BHR","Eastern Mediterranean",1,1,17.02,1044.51,315164.923619271,0.0500625733230154,"Reliable testing capacity",2,"4+ NGS facilities or equivalent",361,330,267505,0.13,21.22,"1-499 sequences",57.01,"High income","High Income *","High Income *","High Income*"
"Bangladesh","BGD","South-East Asia",1,1,1646.89,20.12,4557.83507095192,0.155155308514115,"Reliable testing capacity",2,"4+ NGS facilities or equivalent",1997,1841,1059538,0.19,1.21,"500+ sequences",41.08,"Lower middle income","4 - Strengthen","4 - Strengthen","Strengthen"
"Barbados","BRB","Americas",0,1,2.87,388.06,73693.031358885,0.0205438323585454,"Reliable testing capacity",NaN,"0 NGS facilities or equivalent",39,28,4213,0.93,13.57,"1-499 sequences",9.4,"High income","High Income *","High Income *","High Income*"
"Belarus","BLR","Europe",1,1,94.49,282.57,76349.1480579956,0.0610887009301476,"Reliable testing capacity",1,"1-3 NGS facilities or equivalent",44,43,430121,0.01,0.47,"1-499 sequences",66.99,"Upper middle income","3 - Leverage","3 - Leverage","Leverage"
"Belgium","BEL","Europe",1,1,115.9,1311.73,172244.624676445,0.0557760117240003,"Reliable testing capacity",2,"4+ NGS facilities or equivalent",34487,33035,1100616,3.13,297.57,"500+ sequences",32.66,"High income","High Income *","High Income *","High Income*"
"Belize","BLZ","Americas",0,1,3.98,223.64,40110.8040201005,0.0871768530640625,"Reliable testing capacity",NaN,"0 NGS facilities or equivalent",52,52,13613,0.38,13.08,"1-499 sequences",45.77,"Upper middle income","2 - Connect","2 - Connect","Connect"
"Benin","BEN","Africa",0,1,121.23,28.81,5284.05510187247,0.0129943520464075,"Unreliable testing capacity",NaN,"0 NGS facilities or equivalent",65,65,8244,0.79,0.54,"1-499 sequences",0.23,"Lower middle income","1 - Test","1 - Test","Test"
"Bermuda","BMU","Americas",1,1,0.62,3123.76,595274.193548387,NaN,"Reliable testing capacity",NaN,"0 NGS facilities or equivalent",40,40,0,NaN,64.23,"1-499 sequences",11.24,"High income","High Income *","High Income *","High Income*"
"Bhutan","BTN","South-East Asia",0,1,7.72,750.57,103442.098445596,0.00311305290812487,"Reliable testing capacity",NaN,"0 NGS facilities or equivalent",0,0,2370,0,0,"0 sequences",19.18,"Lower middle income","2 - Connect","2 - Connect","Connect"
"Bolivia","BOL","Americas",1,1,116.73,103.68,17294.8770667352,0.232026851182689,"Reliable testing capacity",NaN,"0 NGS facilities or equivalent",66,64,456815,0.01,0.57,"1-499 sequences",90.72,"Lower middle income","2 - Connect","2 - Connect","Connect"
"Bosnia and Herzegovina","BIH","Europe",1,1,32.81,102.26,22708.4425480037,0.275707858653753,"Reliable testing capacity",1,"1-3 NGS facilities or equivalent",165,165,205238,0.08,5.03,"1-499 sequences",2.77,"Upper middle income","3 - Leverage","3 - Leverage","Leverage"
"Botswana","BWA","Africa",1,1,23.52,243.07,61080.7397959184,0.0679769653610317,"Reliable testing capacity",1,"1-3 NGS facilities or equivalent",735,732,80153,0.92,31.25,"500+ sequences",166.1,"Upper middle income","4 - Strengthen","4 - Strengthen","Strengthen"
"Brazil","BRA","Americas",1,1,2125.59,160.1,11084.6856637451,0.835628695409294,"Reliable testing capacity",2,"4+ NGS facilities or equivalent",24418,22028,19209729,0.13,11.49,"500+ sequences",160.76,"Upper middle income","4 - Strengthen","4 - Strengthen","Strengthen"
"British Virgin Islands","VGB","Americas",0,NaN,NaN,NaN,NaN,NaN,"Unreliable testing capacity",NaN,"0 NGS facilities or equivalent",11,11,0,NaN,36.38,"1-499 sequences",1587.46,"High income","High Income *","High Income *","High Income*"
"Brunei","BRN","Western Pacific",1,1,4.37,112.5,34192.2196796339,0.00214830678624013,"Reliable testing capacity",1,"1-3 NGS facilities or equivalent",10,10,282,3.55,2.29,"1-499 sequences",1.37,"High income","High Income *","High Income *","High Income*"
"Bulgaria","BGR","Europe",1,1,69.48,219.52,50688.845710996,0.120301738200344,"Reliable testing capacity",2,"4+ NGS facilities or equivalent",3383,3205,422703,0.8,48.69,"500+ sequences",6.75,"Upper middle income","4 - Strengthen","4 - Strengthen","Strengthen"
"Burkina Faso","BFA","Africa",1,1,209.03,5.49,1011.1849973688,0.0640494303773513,"Reliable testing capacity",1,"1-3 NGS facilities or equivalent",264,264,13527,1.95,1.26,"1-499 sequences",0.11,"Low income","3 - Leverage","3 - Leverage","Leverage"
"Burundi","BDI","Africa",1,1,118.91,25.93,3172.52543940796,0.0162440854086867,"Reliable testing capacity",NaN,"0 NGS facilities or equivalent",9,9,5723,0.16,0.08,"1-499 sequences",0.87,"Low income","2 - Connect","2 - Connect","Connect"
"Cambodia","KHM","Western Pacific",1,1,167.19,74.01,10191.8894670734,0.0427956398600455,"Reliable testing capacity",1,"1-3 NGS facilities or equivalent",583,433,63615,0.92,3.49,"500+ sequences",40.18,"Lower middle income","4 - Strengthen","4 - Strengthen","Strengthen"
"Cameroon","CMR","Africa",1,1,265.46,41.15,6899.09590898817,0.0447752962978737,"Reliable testing capacity",1,"1-3 NGS facilities or equivalent",206,204,80858,0.25,0.78,"1-499 sequences",0,"Lower middle income","3 - Leverage","3 - Leverage","Leverage"
"Canada","CAN","Americas",1,1,377.42,696.06,101084.563616131,0.0375816983185071,"Reliable testing capacity",2,"4+ NGS facilities or equivalent",60611,58438,1429304,4.24,160.59,"500+ sequences",8.86,"High income","High Income *","High Income *","High Income*"
"Cape Verde","CPV","Africa",0,1,5.56,255.71,49566.5467625899,0.121836786530716,"Reliable testing capacity",NaN,"0 NGS facilities or equivalent",0,0,33127,0,0,"0 sequences",54.5,"Lower middle income","2 - Connect","2 - Connect","Connect"
"Cayman Islands","CYM","Americas",0,NaN,NaN,NaN,NaN,NaN,"Unreliable testing capacity",NaN,"0 NGS facilities or equivalent",19,12,0,NaN,28.91,"1-499 sequences",1.52,"High income","High Income *","High Income *","High Income*"
"Central African Republic","CAF","Africa",1,1,48.3,10.12,1241.78053830228,0.119160358798226,"Reliable testing capacity",NaN,"0 NGS facilities or equivalent",11,11,7142,0.15,0.23,"1-499 sequences",0.02,"Low income","2 - Connect","2 - Connect","Connect"
"Chad","TCD","Africa",1,1,164.26,3.4,856.934128820163,0.0353012219380506,"Reliable testing capacity",NaN,"0 NGS facilities or equivalent",0,0,4955,0,0,"0 sequences",0.13,"Low income","2 - Connect","2 - Connect","Connect"
"Chile","CHL","Americas",1,1,191.16,397.29,95460.9646369533,0.088182209450756,"Reliable testing capacity",2,"4+ NGS facilities or equivalent",4856,4757,1592130,0.31,25.4,"500+ sequences",106.89,"High income","High Income *","High Income *","High Income*"
"China","CHN","Western Pacific",1,1,14393.24,49.85,6252.93540578772,0.00116268888888889,"Reliable testing capacity",2,"4+ NGS facilities or equivalent",1205,1074,91654,1.31,0.08,"500+ sequences",0.04,"Upper middle income","High Income *","High Income *","High Income*"
"Colombia","COL","Americas",1,1,508.83,279.34,42605.8467464576,0.218082798790893,"Reliable testing capacity",2,"4+ NGS facilities or equivalent",1864,1850,4565372,0.04,3.66,"500+ sequences",372.44,"Upper middle income","4 - Strengthen","4 - Strengthen","Strengthen"
"Comoros","COM","Africa",0,NaN,8.7,8.86,715.747126436782,0.645736309619399,"Unreliable testing capacity",NaN,"0 NGS facilities or equivalent",6,6,3996,0.15,0.69,"1-499 sequences",2.64,"Lower middle income","1 - Test","1 - Test","Test"
"Costa Rica","CRI","Americas",1,1,50.94,181.02,32006.0266980762,0.244486738424681,"Reliable testing capacity",1,"1-3 NGS facilities or equivalent",746,696,386722,0.19,14.64,"500+ sequences",189.45,"Upper middle income","4 - Strengthen","4 - Strengthen","Strengthen"
"Croatia","HRV","Europe",1,1,41.05,237.5,54773.8367844093,0.161274842492615,"Reliable testing capacity",1,"1-3 NGS facilities or equivalent",5332,4686,361079,1.48,129.88,"500+ sequences",15.23,"High income","High Income *","High Income *","High Income*"
"Cuba","CUB","Americas",0,1,113.27,347.77,53412.7394720579,0.0550354781546831,"Reliable testing capacity",NaN,"0 NGS facilities or equivalent",653,2,256607,0.25,5.77,"500+ sequences",208.22,"Upper middle income","3 - Leverage","3 - Leverage","Leverage"
"Curaçao","CUW","Americas",0,NaN,NaN,NaN,NaN,NaN,"Unreliable testing capacity",NaN,"0 NGS facilities or equivalent",444,435,0,NaN,270.57,"1-499 sequences",6.7,"High income","High Income *","High Income *","High Income*"
"Cyprus","CYP","Europe",1,1,12.07,5361.32,726198.425849213,0.0111483859779823,"Reliable testing capacity",1,"1-3 NGS facilities or equivalent",133,133,87305,0.15,14.98,"1-499 sequences",532.43,"High income","High Income *","High Income *","High Income*"
"Czech Republic","CZE","Europe",1,1,107.09,2964.16,302148.025025679,0.0516861064389342,"Reliable testing capacity",1,"1-3 NGS facilities or equivalent",5646,5350,1670073,0.34,52.72,"500+ sequences",10.02,"High income","High Income *","High Income *","High Income*"
"Democratic Republic of the Congo","COD","Africa",1,1,895.61,2.16,274.17067696877,0.196000814498066,"Reliable testing capacity",1,"1-3 NGS facilities or equivalent",598,386,44909,1.33,0.67,"500+ sequences",2.44,"Low income","4 - Strengthen","4 - Strengthen","Strengthen"
"Denmark","DNK","Europe",1,1,57.92,9787.53,1299556.31906077,0.00415279322248501,"Reliable testing capacity",2,"4+ NGS facilities or equivalent",124810,118318,303291,41.15,2154.79,"500+ sequences",55.09,"High income","High Income *","High Income *","High Income*"
"Djibouti","DJI","Eastern Mediterranean",1,1,9.88,85.26,19054.95951417,0.0618018410415217,"Reliable testing capacity",NaN,"0 NGS facilities or equivalent",139,139,11621,1.2,14.07,"1-499 sequences",0.71,"Lower middle income","2 - Connect","2 - Connect","Connect"
"Dominica","DMA","Americas",1,1,0.72,119.31,28118.0555555556,0.0103235366757224,"Reliable testing capacity",NaN,"0 NGS facilities or equivalent",9,9,199,4.52,12.5,"1-499 sequences",5.56,"Upper middle income","2 - Connect","2 - Connect","Connect"
"Dominican Republic","DOM","Americas",0,1,108.48,59.85,16576.0693215339,0.189110385435876,"Reliable testing capacity",1,"1-3 NGS facilities or equivalent",172,127,335609,0.05,1.59,"1-499 sequences",52.73,"Upper middle income","3 - Leverage","3 - Leverage","Leverage"
"East Timor","TLS","South-East Asia",1,1,13.18,NaN,0,NaN,"Reliable testing capacity",NaN,"0 NGS facilities or equivalent",19,17,0,NaN,NaN,"1-499 sequences",28.75,"Lower middle income","2 - Connect","2 - Connect","Connect"
"Ecuador","ECU","Americas",1,1,176.43,29.29,9220.96015416879,0.295490560308424,"Reliable testing capacity",1,"1-3 NGS facilities or equivalent",1183,873,471757,0.25,6.71,"500+ sequences",36.98,"Upper middle income","4 - Strengthen","4 - Strengthen","Strengthen"
"Egypt","EGY","Eastern Mediterranean",1,1,1023.34,13.94,3071.47966462759,0.0903623350708584,"Reliable testing capacity",1,"1-3 NGS facilities or equivalent",959,890,283409,0.34,0.94,"500+ sequences",1.27,"Lower middle income","4 - Strengthen","4 - Strengthen","Strengthen"
"El Salvador","SLV","Americas",0,1,64.86,337.26,26070.7678075856,0.0500848635382477,"Reliable testing capacity",1,"1-3 NGS facilities or equivalent",1,1,82363,0,0.02,"1-499 sequences",22.65,"Lower middle income","3 - Leverage","3 - Leverage","Leverage"
"Equatorial Guinea","GNQ","Africa",0,NaN,14.03,60.29,12237.3485388453,0.0516221096161687,"Reliable testing capacity",NaN,"0 NGS facilities or equivalent",191,191,8828,2.16,13.61,"1-499 sequences",2.92,"Upper middle income","2 - Connect","2 - Connect","Connect"
"Eritrea","ERI","Africa",0,1,35.46,7.13,668.161308516638,0.274131600050648,"Unreliable testing capacity",NaN,"0 NGS facilities or equivalent",0,0,6347,0,0,"0 sequences",6.06,"Low income","1 - Test","1 - Test","Test"
"Estonia","EST","Europe",1,1,13.27,606.94,121045.66691786,0.0824627897073728,"Reliable testing capacity",1,"1-3 NGS facilities or equivalent",4210,4129,131618,3.2,317.37,"500+ sequences",20.47,"High income","High Income *","High Income *","High Income*"
"Eswatini","SWZ","Africa",1,1,11.6,127.63,20379.0517241379,0.0973151097518158,"Reliable testing capacity",NaN,"0 NGS facilities or equivalent",33,33,20489,0.16,2.84,"1-499 sequences",37.75,"Lower middle income","2 - Connect","2 - Connect","Connect"
"Ethiopia","ETH","Africa",1,1,1149.64,16.85,2596.17445461188,0.0933246802154747,"Reliable testing capacity",NaN,"0 NGS facilities or equivalent",25,19,277318,0.01,0.02,"1-499 sequences",0.56,"Low income","2 - Connect","2 - Connect","Connect"
"Faroe Islands","FRO","Europe",1,1,0.49,3988.98,723951.020408163,NaN,"Reliable testing capacity",NaN,"0 NGS facilities or equivalent",42,42,0,NaN,85.95,"1-499 sequences",55.25,"High income","High Income *","High Income *","High Income*"
"Fiji","FJI","Western Pacific",1,1,8.96,335.92,26620.5357142857,0.097010732852591,"Reliable testing capacity",NaN,"0 NGS facilities or equivalent",0,0,12032,0,0,"0 sequences",392.89,"Upper middle income","2 - Connect","2 - Connect","Connect"
"Finland","FIN","Europe",1,1,55.41,375.8,103430.788666306,0.0179672314215421,"Reliable testing capacity",2,"4+ NGS facilities or equivalent",12544,11475,98888,12.69,226.4,"500+ sequences",25.07,"High income","High Income *","High Income *","High Income*"
"France","FRA","Europe",1,1,652.74,770.35,155108.369335417,0.0598188736150154,"Reliable testing capacity",2,"4+ NGS facilities or equivalent",48437,45177,6233062,0.78,71.69,"500+ sequences",26.63,"High income","High Income *","High Income *","High Income*"
"French Polynesia","PYF","Western Pacific",0,NaN,2.81,33.29,3249.1103202847,NaN,"Unreliable testing capacity",NaN,"0 NGS facilities or equivalent",11,11,0,NaN,3.92,"1-499 sequences",5.34,"High income","High Income *","High Income *","High Income*"
"Gabon","GAB","Africa",1,1,22.26,159.42,43073.0907457323,0.0264130320283436,"Reliable testing capacity",1,"1-3 NGS facilities or equivalent",205,91,25245,0.81,9.21,"1-499 sequences",6.69,"Upper middle income","3 - Leverage","3 - Leverage","Leverage"
"Georgia","GEO","Europe",1,1,39.89,298.64,71916.746051642,0.140394853663204,"Reliable testing capacity",1,"1-3 NGS facilities or equivalent",79,79,381336,0.02,1.98,"1-499 sequences",167.2,"Upper middle income","3 - Leverage","3 - Leverage","Leverage"
"Germany","DEU","Europe",1,1,837.84,255.85,76163.9071899169,0.0589693023859903,"Reliable testing capacity",2,"4+ NGS facilities or equivalent",142828,140302,3746935,3.81,170.47,"500+ sequences",5.39,"High income","High Income *","High Income *","High Income*"
"Ghana","GHA","Africa",1,1,310.73,14.86,4524.86402986516,0.0719553403209506,"Reliable testing capacity",1,"1-3 NGS facilities or equivalent",942,901,97728,0.96,3.03,"500+ sequences",2.56,"Lower middle income","4 - Strengthen","4 - Strengthen","Strengthen"
"Gibraltar","GIB","Europe",0,NaN,NaN,NaN,NaN,NaN,"Unreliable testing capacity",NaN,"0 NGS facilities or equivalent",482,482,0,NaN,1430.65,"1-499 sequences",92.01,"High income","High Income *","High Income *","High Income*"
"Greece","GRC","Europe",1,1,104.23,776.52,117887.959320733,0.0387320831592399,"Reliable testing capacity",2,"4+ NGS facilities or equivalent",8103,7923,447718,1.81,77.74,"500+ sequences",79.34,"High income","High Income *","High Income *","High Income*"
"Greenland","GRL","Americas",1,1,0.57,254.27,52466.6666666667,NaN,"Reliable testing capacity",NaN,"0 NGS facilities or equivalent",0,0,0,NaN,0,"0 sequences",1.76,"High income","High Income *","High Income *","High Income*"
"Grenada","GRD","Americas",0,NaN,1.13,88.97,21229.203539823,0.00683646671391054,"Reliable testing capacity",NaN,"0 NGS facilities or equivalent",8,7,161,4.97,7.11,"1-499 sequences",0,"Upper middle income","2 - Connect","2 - Connect","Connect"
"Guam","GUM","Western Pacific",1,1,NaN,NaN,NaN,NaN,"Reliable testing capacity",NaN,"0 NGS facilities or equivalent",78,NaN,NaN,NaN,NaN,"1-499 sequences",27.26,"High income","High Income *","High Income *","High Income*"
"Guatemala","GTM","Americas",0,1,179.16,41.72,10146.8519758875,0.193677354764537,"Unreliable testing capacity",1,"1-3 NGS facilities or equivalent",309,309,325024,0.1,1.72,"1-499 sequences",82,"Upper middle income","1 - Test","1 - Test","Test"
"Guinea","GIN","Africa",0,1,131.33,32.21,3768.35452676464,0.0506245731443651,"Unreliable testing capacity",NaN,"0 NGS facilities or equivalent",8,8,24252,0.03,0.06,"1-499 sequences",1.33,"Low income","1 - Test","1 - Test","Test"
"Guinea-Bissau","GNB","Africa",0,NaN,19.68,13.76,4026.57520325203,0.0531529598828919,"Unreliable testing capacity",NaN,"0 NGS facilities or equivalent",48,48,3969,1.21,2.44,"1-499 sequences",2.39,"Low income","1 - Test","1 - Test","Test"
"Guyana","GUY","Americas",1,1,7.87,145.73,23997.331639136,0.117283264234164,"Reliable testing capacity",NaN,"0 NGS facilities or equivalent",11,11,21223,0.05,1.4,"1-499 sequences",77.43,"Upper middle income","2 - Connect","2 - Connect","Connect"
"Haiti","HTI","Americas",0,1,114.03,NaN,0,NaN,"Unreliable testing capacity",NaN,"0 NGS facilities or equivalent",79,79,19374,0.41,0.69,"1-499 sequences",3.81,"Low income","1 - Test","1 - Test","Test"
"Honduras","HND","Americas",0,1,99.05,33.38,8726.77435638566,0.33160494084247,"Unreliable testing capacity",NaN,"0 NGS facilities or equivalent",66,66,276989,0.02,0.67,"1-499 sequences",80.28,"Lower middle income","1 - Test","1 - Test","Test"
"Hong Kong SAR, China","HKG","Western Pacific",1,1,74.97,1183.81,272543.49739896,NaN,"Reliable testing capacity",2,"4+ NGS facilities or equivalent",2746,1872,11955,22.97,36.63,"500+ sequences",NaN,"High income","High Income *","High Income *","High Income*"
"Hungary","HUN","Europe",1,1,96.6,362.19,65258.1780538302,0.128348461438402,"Reliable testing capacity",2,"4+ NGS facilities or equivalent",435,314,808612,0.05,4.5,"1-499 sequences",2.38,"High income","High Income *","High Income *","High Income*"
"Iceland","ISL","Europe",1,1,3.41,601.52,125943.401759531,0.0168418062388961,"Reliable testing capacity",1,"1-3 NGS facilities or equivalent",5070,5061,6555,77.35,1485.71,"500+ sequences",4.12,"High income","High Income *","High Income *","High Income*"
"India","IND","South-East Asia",1,1,13800.04,161.31,33148.0206579111,0.0686668996525566,"Reliable testing capacity",2,"4+ NGS facilities or equivalent",38961,34908,30987880,0.13,2.82,"500+ sequences",21.59,"Lower middle income","4 - Strengthen","4 - Strengthen","Strengthen"
"Indonesia","IDN","South-East Asia",1,1,2735.24,98.2,9130.84665331013,0.126786697623953,"Reliable testing capacity",2,"4+ NGS facilities or equivalent",3582,2894,2670046,0.13,1.31,"500+ sequences",78.49,"Upper middle income","4 - Strengthen","4 - Strengthen","Strengthen"
"Iran","IRN","Eastern Mediterranean",1,1,839.93,158.11,29763.9362804043,0.147659506705361,"Reliable testing capacity",2,"4+ NGS facilities or equivalent",482,238,3440400,0.01,0.57,"1-499 sequences",118.56,"Upper middle income","3 - Leverage","3 - Leverage","Leverage"
"Iraq","IRQ","Eastern Mediterranean",1,1,402.23,107.39,28018.9145513761,0.137767647484731,"Reliable testing capacity",1,"1-3 NGS facilities or equivalent",206,125,1457192,0.01,0.51,"1-499 sequences",127.28,"Upper middle income","3 - Leverage","3 - Leverage","Leverage"
"Ireland","IRL","Europe",1,1,49.38,461.57,95472.0939651681,0.0621490018267389,"Reliable testing capacity",2,"4+ NGS facilities or equivalent",21078,19511,279790,7.53,426.87,"500+ sequences",66.73,"High income","High Income *","High Income *","High Income*"
"Isle of Man","IMN","Europe",0,NaN,NaN,NaN,NaN,NaN,"Unreliable testing capacity",NaN,"0 NGS facilities or equivalent",0,0,0,NaN,0,"0 sequences",44.69,"High income","High Income *","High Income *","High Income*"
"Israel","ISR","Europe",1,1,86.56,915.81,196549.803604436,0.0505868596962468,"Reliable testing capacity",2,"4+ NGS facilities or equivalent",14197,12678,848322,1.67,164.02,"500+ sequences",29.11,"High income","High Income *","High Income *","High Income*"
"Italy","ITA","Europe",1,1,604.62,525.75,125768.967285237,0.0567763922019697,"Reliable testing capacity",2,"4+ NGS facilities or equivalent",40332,36069,4275846,0.94,66.71,"500+ sequences",9.73,"High income","High Income *","High Income *","High Income*"
"Ivory Coast","CIV","Africa",1,1,263.78,12.46,2911.90006823868,0.0645644257721315,"Reliable testing capacity",NaN,"0 NGS facilities or equivalent",145,145,48959,0.3,0.55,"1-499 sequences",1.47,"Lower middle income","2 - Connect","2 - Connect","Connect"
"Jamaica","JAM","Americas",1,1,29.61,82.9,14930.0236406619,0.117590108532883,"Reliable testing capacity",NaN,"0 NGS facilities or equivalent",29,29,50848,0.06,0.98,"1-499 sequences",11.21,"Upper middle income","2 - Connect","2 - Connect","Connect"
"Japan","JPN","Western Pacific",1,1,1264.76,70.96,13894.9595180113,0.0495829328552881,"Reliable testing capacity",2,"4+ NGS facilities or equivalent",61634,61475,828199,7.44,48.73,"500+ sequences",9.28,"High income","High Income *","High Income *","High Income*"
"Jordan","JOR","Eastern Mediterranean",1,1,102.03,420.65,72596.8146623542,0.103277646318988,"Reliable testing capacity",2,"4+ NGS facilities or equivalent",674,481,759025,0.09,6.61,"500+ sequences",34.53,"Upper middle income","4 - Strengthen","4 - Strengthen","Strengthen"
"Kazakhstan","KAZ","Europe",1,1,187.77,277.26,60052.2873728498,0.0528180249446214,"Reliable testing capacity",1,"1-3 NGS facilities or equivalent",348,280,524878,0.07,1.85,"1-499 sequences",62.12,"Upper middle income","3 - Leverage","3 - Leverage","Leverage"
"Kenya","KEN","Africa",1,1,537.71,12.8,3892.4587602983,0.0943180504287119,"Reliable testing capacity",1,"1-3 NGS facilities or equivalent",2267,1739,190183,1.19,4.22,"500+ sequences",5.2,"Lower middle income","4 - Strengthen","4 - Strengthen","Strengthen"
"Kiribati","KIR","Western Pacific",1,1,1.19,NaN,0,NaN,"Reliable testing capacity",NaN,"0 NGS facilities or equivalent",0,0,2,0,0,"0 sequences",0,"Lower middle income","2 - Connect","2 - Connect","Connect"
"Kosovo","XKX","Europe",0,NaN,18,234.55,36514.0555555556,0.164346149808369,"Reliable testing capacity",NaN,"0 NGS facilities or equivalent",0,NaN,NaN,NaN,NaN,"0 sequences",NaN,"Upper middle income","2 - Connect","2 - Connect","Connect"
"Kuwait","KWT","Eastern Mediterranean",1,1,42.71,1014.75,76726.7618824631,0.119809887091852,"Reliable testing capacity",1,"1-3 NGS facilities or equivalent",156,112,380699,0.04,3.65,"1-499 sequences",293.64,"High income","High Income *","High Income *","High Income*"
"Kyrgyzstan","KGZ","Europe",0,1,65.24,343.93,46790.2053954629,0.0514798402538432,"Reliable testing capacity",NaN,"0 NGS facilities or equivalent",0,0,143668,0,0,"0 sequences",143.22,"Lower middle income","2 - Connect","2 - Connect","Connect"
"Laos","LAO","Western Pacific",1,1,72.76,37.1,4192.04233095107,0.0156124493054394,"Reliable testing capacity",NaN,"0 NGS facilities or equivalent",0,0,2976,0,0,"0 sequences",3.83,"Lower middle income","2 - Connect","2 - Connect","Connect"
"Latvia","LVA","Europe",1,1,18.86,723.34,161245.387062566,0.0455366631942252,"Reliable testing capacity",1,"1-3 NGS facilities or equivalent",5483,5481,138004,3.97,290.69,"500+ sequences",16.67,"High income","High Income *","High Income *","High Income*"
"Lebanon","LBN","Eastern Mediterranean",1,1,68.25,283.49,69324.1904761905,0.117365857205177,"Reliable testing capacity",2,"4+ NGS facilities or equivalent",93,68,548972,0.02,1.36,"1-499 sequences",21.98,"Upper middle income","3 - Leverage","3 - Leverage","Leverage"
"Lesotho","LSO","Africa",1,1,21.42,34.13,6104.80859010271,0.0984973043245517,"Reliable testing capacity",NaN,"0 NGS facilities or equivalent",18,18,12153,0.15,0.84,"1-499 sequences",10.36,"Lower middle income","2 - Connect","2 - Connect","Connect"
"Liberia","LBR","Africa",1,1,50.58,21.09,2535.50810597074,0.0420753863668263,"Reliable testing capacity",NaN,"0 NGS facilities or equivalent",0,0,5276,0,0,"0 sequences",17.81,"Low income","2 - Connect","2 - Connect","Connect"
"Libya","LBY","Eastern Mediterranean",1,1,68.71,64.18,17637.2725949643,0.192637415140565,"Reliable testing capacity",NaN,"0 NGS facilities or equivalent",12,12,212013,0.01,0.17,"1-499 sequences",67.93,"Upper middle income","2 - Connect","2 - Connect","Connect"
"Liechtenstein","LIE","Europe",1,1,0.38,NaN,0,NaN,"Reliable testing capacity",NaN,"0 NGS facilities or equivalent",40,31,3060,1.31,104.89,"1-499 sequences",30.97,"High income","High Income *","High Income *","High Income*"
"Lithuania","LTU","Europe",1,1,27.22,742.86,151102.277736958,0.0683116281919492,"Reliable testing capacity",1,"1-3 NGS facilities or equivalent",13651,13425,279381,4.89,501.45,"500+ sequences",7.69,"High income","High Income *","High Income *","High Income*"
"Luxembourg","LUX","Europe",1,1,6.26,1694.61,494538.817891374,0.023713318601608,"Reliable testing capacity",2,"4+ NGS facilities or equivalent",9133,9130,72509,12.6,1459,"500+ sequences",136.24,"High income","High Income *","High Income *","High Income*"
"Macao SAR, China","MAC","Western Pacific",1,1,NaN,NaN,NaN,NaN,"Reliable testing capacity",NaN,"0 NGS facilities or equivalent",0,0,0,NaN,0,"0 sequences",NaN,"High income","High Income *","High Income *","High Income*"
"Madagascar","MDG","Africa",1,1,276.91,4.55,850.406269184934,0.180898227495477,"Reliable testing capacity",1,"1-3 NGS facilities or equivalent",122,122,42462,0.29,0.44,"1-499 sequences",0.79,"Low income","3 - Leverage","3 - Leverage","Leverage"
"Malawi","MWI","Africa",1,1,191.3,11.28,1685.86513329848,0.150809597340825,"Reliable testing capacity",NaN,"0 NGS facilities or equivalent",357,357,40713,0.88,1.87,"1-499 sequences",7.48,"Low income","2 - Connect","2 - Connect","Connect"
"Malaysia","MYS","Western Pacific",1,1,323.66,284.15,41780.139652722,0.074944241327086,"Reliable testing capacity",1,"1-3 NGS facilities or equivalent",1510,1399,867567,0.17,4.67,"500+ sequences",147.72,"Upper middle income","4 - Strengthen","4 - Strengthen","Strengthen"
"Maldives","MDV","South-East Asia",0,NaN,5.41,2230.04,216407.024029575,0.0655555954156353,"Reliable testing capacity",NaN,"0 NGS facilities or equivalent",0,0,75405,0,0,"0 sequences",146.7,"Upper middle income","2 - Connect","2 - Connect","Connect"
"Mali","MLI","Africa",1,1,202.51,7.03,1681.284874821,0.04271066768093,"Reliable testing capacity",1,"1-3 NGS facilities or equivalent",36,36,14492,0.25,0.18,"1-499 sequences",0.14,"Low income","3 - Leverage","3 - Leverage","Leverage"
"Malta","MLT","Europe",1,1,4.42,866.54,242489.140271493,0.0314125183569353,"Reliable testing capacity",NaN,"0 NGS facilities or equivalent",256,198,31612,0.81,57.98,"1-499 sequences",24.88,"High income","High Income *","High Income *","High Income*"
"Marshall Islands","MHL","Western Pacific",0,NaN,NaN,NaN,NaN,NaN,"Unreliable testing capacity",NaN,"0 NGS facilities or equivalent",0,0,4,0,0,"0 sequences",0,"Upper middle income","1 - Test","1 - Test","Test"
"Mauritania","MRT","Africa",1,1,46.5,38.03,8661.2688172043,0.0589821452070644,"Reliable testing capacity",NaN,"0 NGS facilities or equivalent",0,0,22049,0,0,"0 sequences",10.65,"Lower middle income","2 - Connect","2 - Connect","Connect"
"Mauritius","MUS","Africa",1,1,12.72,391.38,28197.7201257862,0.00944587718686834,"Reliable testing capacity",NaN,"0 NGS facilities or equivalent",192,187,1858,10.33,15.1,"1-499 sequences",14.15,"High income","High Income *","High Income *","High Income*"
"Mexico","MEX","Americas",1,1,1289.33,28.15,6362.879945398,0.335027740627208,"Reliable testing capacity",2,"4+ NGS facilities or equivalent",18276,16420,2616827,0.7,14.17,"500+ sequences",28.46,"Upper middle income","4 - Strengthen","4 - Strengthen","Strengthen"
"Micronesia","FSM","Western Pacific",0,NaN,NaN,NaN,NaN,NaN,"Unreliable testing capacity",NaN,"0 NGS facilities or equivalent",0,NaN,NaN,NaN,NaN,"0 sequences",0,"Lower middle income","1 - Test","1 - Test","Test"
"Moldova","MDA","Europe",0,1,40.34,479.35,29214.9479424888,0.219446073119842,"Reliable testing capacity",NaN,"0 NGS facilities or equivalent",34,23,257678,0.01,0.84,"1-499 sequences",11.23,"Lower middle income","2 - Connect","2 - Connect","Connect"
"Monaco","MCO","Europe",1,1,0.39,NaN,0,NaN,"Reliable testing capacity",NaN,"0 NGS facilities or equivalent",42,42,2648,1.59,107.02,"1-499 sequences",56.06,"High income","High Income *","High Income *","High Income*"
"Mongolia","MNG","Western Pacific",1,1,32.78,NaN,0,NaN,"Reliable testing capacity",NaN,"0 NGS facilities or equivalent",27,21,143128,0.02,0.82,"1-499 sequences",456.76,"Lower middle income","2 - Connect","2 - Connect","Connect"
"Montenegro","MNE","Europe",0,NaN,6.28,288.77,69922.6114649682,0.230304658926839,"Reliable testing capacity",NaN,"0 NGS facilities or equivalent",31,31,100543,0.03,4.94,"1-499 sequences",15.6,"Upper middle income","2 - Connect","2 - Connect","Connect"
"Morocco","MAR","Eastern Mediterranean",1,1,369.11,62.16,18337.4630868847,0.0855829934397974,"Reliable testing capacity",2,"4+ NGS facilities or equivalent",218,214,547273,0.04,0.59,"1-499 sequences",15.96,"Lower middle income","3 - Leverage","3 - Leverage","Leverage"
"Mozambique","MOZ","Africa",1,1,312.55,11.63,2249.75523916173,0.156846013928531,"Reliable testing capacity",NaN,"0 NGS facilities or equivalent",478,471,93429,0.51,1.53,"1-499 sequences",22.66,"Low income","2 - Connect","2 - Connect","Connect"
"Myanmar","MMR","South-East Asia",1,1,544.1,38.18,5655.20308766771,0.0875935490328879,"Reliable testing capacity",1,"1-3 NGS facilities or equivalent",21,21,208357,0.01,0.04,"1-499 sequences",38.06,"Lower middle income","3 - Leverage","3 - Leverage","Leverage"
"Namibia","NAM","Africa",0,1,25.41,141.67,23720.9366391185,0.193452000749898,"Reliable testing capacity",NaN,"0 NGS facilities or equivalent",0,0,108785,0,0,"0 sequences",389.27,"Upper middle income","2 - Connect","2 - Connect","Connect"
"Nauru","NRU","Western Pacific",0,NaN,NaN,NaN,NaN,NaN,"Unreliable testing capacity",NaN,"0 NGS facilities or equivalent",0,0,0,NaN,0,"0 sequences",0,"High income","High Income *","High Income *","High Income*"
"Nepal","NPL","South-East Asia",0,1,291.37,65.19,12188.3618766517,0.191634497904021,"Reliable testing capacity",1,"1-3 NGS facilities or equivalent",110,110,660788,0.02,0.38,"1-499 sequences",36.79,"Lower middle income","3 - Leverage","3 - Leverage","Leverage"
"Netherlands","NLD","Europe",1,1,171.35,474.07,85917.6247446746,0.127194464605147,"Reliable testing capacity",2,"4+ NGS facilities or equivalent",44495,41878,1783082,2.5,259.68,"500+ sequences",66.34,"High income","High Income *","High Income *","High Income*"
"New Caledonia","NCL","Europe",0,NaN,2.85,67.7,13216.4912280702,NaN,"Reliable testing capacity",NaN,"0 NGS facilities or equivalent",0,0,0,NaN,0,"0 sequences",0,"High income","High Income *","High Income *","High Income*"
"New Zealand","NZL","Western Pacific",1,1,48.22,233.78,50635.6491082538,0.00117297680954403,"Reliable testing capacity",2,"4+ NGS facilities or equivalent",1120,1101,2795,40.07,23.23,"500+ sequences",0.52,"High income","High Income *","High Income *","High Income*"
"Nicaragua","NIC","Americas",0,0,66.25,NaN,0,NaN,"Unreliable testing capacity",NaN,"0 NGS facilities or equivalent",0,0,8767,0,0,"0 sequences",3.25,"Lower middle income","1 - Test","1 - Test","Test"
"Niger","NER","Africa",1,1,242.07,2.52,526.413847234271,0.0439381930329831,"Reliable testing capacity",NaN,"0 NGS facilities or equivalent",24,24,5551,0.43,0.1,"1-499 sequences",0.15,"Low income","2 - Connect","2 - Connect","Connect"
"Nigeria","NGA","Africa",1,1,2061.4,5.75,1165.17609391676,0.0712400297431943,"Reliable testing capacity",2,"4+ NGS facilities or equivalent",879,864,168915,0.52,0.43,"500+ sequences",0.24,"Lower middle income","4 - Strengthen","4 - Strengthen","Strengthen"
"North Korea","PRK","South-East Asia",0,NaN,NaN,NaN,NaN,NaN,"Unreliable testing capacity",NaN,"0 NGS facilities or equivalent",0,NaN,NaN,NaN,NaN,"0 sequences",0,"Low income","1 - Test","1 - Test","Test"
"North Macedonia","MKD","Europe",1,NaN,20.83,173.82,45325.78012482,0.165313048120186,"Reliable testing capacity",1,"1-3 NGS facilities or equivalent",648,600,155840,0.42,31.1,"500+ sequences",2.74,"Upper middle income","4 - Strengthen","4 - Strengthen","Strengthen"
"Northern Mariana Islands","MNP","Western Pacific",0,NaN,NaN,NaN,NaN,NaN,"Unreliable testing capacity",NaN,"0 NGS facilities or equivalent",63,NaN,NaN,NaN,NaN,"1-499 sequences",1.74,"High income","High Income *","High Income *","High Income*"
"Norway","NOR","Europe",1,1,54.21,481.11,120982.143515956,0.0207011055369553,"Reliable testing capacity",2,"4+ NGS facilities or equivalent",13681,13234,133720,10.23,252.36,"500+ sequences",19.49,"High income","High Income *","High Income *","High Income*"
"Oman","OMN","Eastern Mediterranean",1,1,51.07,77.59,9985.49050323086,0.566794585447065,"Reliable testing capacity",2,"4+ NGS facilities or equivalent",446,305,288138,0.15,8.73,"1-499 sequences",228.92,"High income","High Income *","High Income *","High Income*"
"Pakistan","PAK","Eastern Mediterranean",1,1,2208.92,23.87,7115.26945294533,0.064162504682014,"Reliable testing capacity",2,"4+ NGS facilities or equivalent",459,404,981392,0.05,0.21,"1-499 sequences",3.91,"Lower middle income","3 - Leverage","3 - Leverage","Leverage"
"Palau","PLW","Western Pacific",0,NaN,0.18,NaN,0,NaN,"Unreliable testing capacity",NaN,"0 NGS facilities or equivalent",0,NaN,NaN,NaN,NaN,"0 sequences",0,"High income","High Income *","High Income *","High Income*"
"Palestine","PSE","Eastern Mediterranean",0,1,51.01,242.23,38654.1070378357,0.160308680732711,"Reliable testing capacity",NaN,"0 NGS facilities or equivalent",128,256,630818,0.02,2.51,"1-499 sequences",13.76,"Lower middle income","2 - Connect","2 - Connect","Connect"
"Panama","PAN","Americas",1,1,43.15,302.19,75441.3441483198,0.132076856959771,"Reliable testing capacity",2,"4+ NGS facilities or equivalent",896,863,418604,0.21,20.77,"500+ sequences",172.04,"High income","High Income *","High Income *","High Income*"
"Papua New Guinea","PNG","Western Pacific",0,1,89.47,9.63,1522.15267687493,0.129505753118873,"Unreliable testing capacity",NaN,"0 NGS facilities or equivalent",328,240,17340,1.89,3.67,"1-499 sequences",0.6,"Lower middle income","1 - Test","1 - Test","Test"
"Paraguay","PRY","Americas",1,1,71.33,111.74,23135.1745408664,0.272289593220832,"Reliable testing capacity",NaN,"0 NGS facilities or equivalent",159,157,441056,0.04,2.23,"1-499 sequences",137.09,"Upper middle income","2 - Connect","2 - Connect","Connect"
"Peru","PER","Americas",1,1,329.72,187.53,46320.5629018561,0.137135483070051,"Reliable testing capacity",2,"4+ NGS facilities or equivalent",2262,1794,2085883,0.11,6.86,"500+ sequences",51.52,"Upper middle income","4 - Strengthen","4 - Strengthen","Strengthen"
"Philippines","PHL","Western Pacific",1,1,1095.81,51.24,14910.4753561293,0.0947885703010359,"Reliable testing capacity",1,"1-3 NGS facilities or equivalent",5305,5301,1485457,0.36,4.84,"500+ sequences",34.28,"Lower middle income","4 - Strengthen","4 - Strengthen","Strengthen"
"Poland","POL","Europe",0,1,378.47,219.79,48261.9467857426,0.157790074171265,"Reliable testing capacity",2,"4+ NGS facilities or equivalent",17199,17051,2881046,0.6,45.44,"500+ sequences",1.54,"High income","High Income *","High Income *","High Income*"
"Portugal","PRT","Europe",1,1,101.97,617.02,146930.038246543,0.0636116668722404,"Reliable testing capacity",2,"4+ NGS facilities or equivalent",12654,11412,916559,1.38,124.1,"500+ sequences",159.96,"High income","High Income *","High Income *","High Income*"
"Puerto Rico","PRI","Americas",1,1,NaN,NaN,NaN,NaN,"Reliable testing capacity",1,"1-3 NGS facilities or equivalent",0,NaN,NaN,NaN,NaN,"0 sequences",13.49,"High income","High Income *","High Income *","High Income*"
"Qatar","QAT","Eastern Mediterranean",1,1,28.81,226.34,79991.1141964596,0.0977191149311968,"Reliable testing capacity",2,"4+ NGS facilities or equivalent",2914,2893,223780,1.3,101.14,"500+ sequences",29.4,"High income","High Income *","High Income *","High Income*"
"Republic of the Congo","COG","Africa",1,1,55.18,17.51,3336.64371148967,0.0712431293315084,"Reliable testing capacity",NaN,"0 NGS facilities or equivalent",214,147,12790,1.67,3.88,"1-499 sequences",1.72,"Lower middle income","2 - Connect","2 - Connect","Connect"
"Romania","ROU","Europe",1,1,192.38,252.18,53592.2601101986,0.104974171390927,"Reliable testing capacity",1,"1-3 NGS facilities or equivalent",1279,1081,1081405,0.12,6.65,"500+ sequences",1.54,"High income","High Income *","High Income *","High Income*"
"Russia","RUS","Europe",1,1,1459.34,366.36,110251.316348486,0.0375974811664384,"Reliable testing capacity",2,"4+ NGS facilities or equivalent",5811,5038,5785542,0.1,3.98,"500+ sequences",116.02,"Upper middle income","High Income *","High Income *","High Income*"
"Rwanda","RWA","Africa",1,1,129.52,89.73,14638.0945027795,0.0332006628950708,"Reliable testing capacity",NaN,"0 NGS facilities or equivalent",473,409,50742,0.93,3.65,"1-499 sequences",59.1,"Low income","2 - Connect","2 - Connect","Connect"
"Saint Kitts and Nevis","KNA","Americas",0,NaN,0.53,326.67,48028.3018867924,0.0221960322137105,"Reliable testing capacity",NaN,"0 NGS facilities or equivalent",13,13,544,2.39,24.44,"1-499 sequences",139.12,"High income","High Income *","High Income *","High Income*"
"Saint Lucia","LCA","Americas",0,NaN,1.84,143.13,32179.8913043478,0.0932259208592998,"Reliable testing capacity",NaN,"0 NGS facilities or equivalent",33,25,5439,0.61,17.97,"1-499 sequences",38.67,"Upper middle income","2 - Connect","2 - Connect","Connect"
"Saint Vincent and the Grenadines","VCT","Americas",0,NaN,1.11,224.98,50568.4684684685,0.0404589264399352,"Reliable testing capacity",NaN,"0 NGS facilities or equivalent",13,13,2249,0.58,11.72,"1-499 sequences",13.52,"Upper middle income","2 - Connect","2 - Connect","Connect"
"Samoa","WSM","Western Pacific",0,NaN,1.98,NaN,0,NaN,"Unreliable testing capacity",NaN,"0 NGS facilities or equivalent",0,0,3,0,0,"0 sequences",0,"Upper middle income","1 - Test","1 - Test","Test"
"San Marino","SMR","Europe",1,1,0.34,1637.06,262491.176470588,0.0571335731173037,"Reliable testing capacity",NaN,"0 NGS facilities or equivalent",0,0,5094,0,0,"0 sequences",0,"High income","High Income *","High Income *","High Income*"
"São Tomé and Príncipe","STP","Africa",0,NaN,2.19,59.67,6881.27853881279,0.160849369608494,"Reliable testing capacity",NaN,"0 NGS facilities or equivalent",0,0,2395,0,0,"0 sequences",7.76,"Lower middle income","2 - Connect","2 - Connect","Connect"
"Saudi Arabia","SAU","Eastern Mediterranean",1,1,348.14,284.57,70274.6883437698,0.0211785772823122,"Reliable testing capacity",2,"4+ NGS facilities or equivalent",957,957,503734,0.19,2.75,"500+ sequences",25.63,"High income","High Income *","High Income *","High Income*"
"Senegal","SEN","Africa",1,1,167.44,13.89,3821.08815097946,0.0895009870225679,"Reliable testing capacity",1,"1-3 NGS facilities or equivalent",456,448,47596,0.96,2.72,"1-499 sequences",7.81,"Lower middle income","3 - Leverage","3 - Leverage","Leverage"
"Serbia","SRB","Europe",1,1,87.37,212.91,52920.6821563466,0.155744342169008,"Reliable testing capacity",1,"1-3 NGS facilities or equivalent",258,253,717937,0.04,3.79,"1-499 sequences",9.15,"Upper middle income","3 - Leverage","3 - Leverage","Leverage"
"Seychelles","SYC","Africa",1,1,0.98,338.74,21942.8571428571,0.825288318452381,"Reliable testing capacity",NaN,"0 NGS facilities or equivalent",0,0,17005,0,0,"0 sequences",827.68,"High income","High Income *","High Income *","High Income*"
"Sierra Leone","SLE","Africa",0,1,79.77,10.27,2506.00476369563,0.0311549543781015,"Unreliable testing capacity",1,"1-3 NGS facilities or equivalent",36,36,6100,0.59,0.45,"1-499 sequences",3.66,"Low income","1 - Test","1 - Test","Test"
"Singapore","SGP","Western Pacific",1,1,58.5,1218.09,260658.324786325,0.00420886969167877,"Reliable testing capacity",2,"4+ NGS facilities or equivalent",3836,3402,62804,6.11,65.57,"500+ sequences",1.25,"High income","High Income *","High Income *","High Income*"
"Sint Maarten (Dutch part)","SXM","Americas",0,NaN,NaN,NaN,NaN,NaN,"Unreliable testing capacity",NaN,"0 NGS facilities or equivalent",466,413,0,NaN,1086.7,"1-499 sequences",37.31,"High income","High Income *","High Income *","High Income*"
"Slovakia","SVK","Europe",1,1,54.6,17251.35,742447.619047619,0.00967860980560289,"Reliable testing capacity",1,"1-3 NGS facilities or equivalent",4665,4551,391971,1.19,85.45,"500+ sequences",2.22,"High income","High Income *","High Income *","High Income*"
"Slovenia","SVN","Europe",1,1,20.79,3345.26,281741.654641655,0.0441579203364491,"Reliable testing capacity",2,"4+ NGS facilities or equivalent",16713,15551,257989,6.48,803.92,"500+ sequences",10.26,"High income","High Income *","High Income *","High Income*"
"Solomon Islands","SLB","Western Pacific",1,1,NaN,NaN,NaN,NaN,"Reliable testing capacity",NaN,"0 NGS facilities or equivalent",0,0,20,0,0,"0 sequences",0,"Lower middle income","2 - Connect","2 - Connect","Connect"
"Somalia","SOM","Eastern Mediterranean",0,1,158.93,7.47,1002.93210847543,0.0955481944339883,"Unreliable testing capacity",NaN,"0 NGS facilities or equivalent",31,31,15076,0.21,0.2,"1-499 sequences",0.31,"Low income","1 - Test","1 - Test","Test"
"South Africa","ZAF","Africa",1,1,593.09,101.95,24555.8802205399,0.163268880811505,"Reliable testing capacity",2,"4+ NGS facilities or equivalent",12149,11285,2236805,0.54,20.48,"500+ sequences",233.29,"Upper middle income","4 - Strengthen","4 - Strengthen","Strengthen"
"South Korea","KOR","Western Pacific",1,1,512.69,95.55,22376.7695878601,0.0165760342304878,"Reliable testing capacity",2,"4+ NGS facilities or equivalent",9921,5463,173510,5.72,19.35,"500+ sequences",12.3,"High income","High Income *","High Income *","High Income*"
"South Sudan","SSD","Africa",1,1,111.94,14.4,1838.32410219761,0.0530512872846021,"Reliable testing capacity",NaN,"0 NGS facilities or equivalent",59,59,10917,0.54,0.53,"1-499 sequences",0.4,"Low income","2 - Connect","2 - Connect","Connect"
"Spain","ESP","Europe",1,1,467.55,555.57,109730.67479414,0.0834317179927241,"Reliable testing capacity",2,"4+ NGS facilities or equivalent",45719,40564,4041474,1.13,97.78,"500+ sequences",169.98,"High income","High Income *","High Income *","High Income*"
"Sri Lanka","LKA","South-East Asia",1,1,214.13,71.64,11136.9028160463,0.124338660946978,"Reliable testing capacity",1,"1-3 NGS facilities or equivalent",771,636,279059,0.28,3.6,"500+ sequences",35.98,"Lower middle income","4 - Strengthen","4 - Strengthen","Strengthen"
"Saint Martin","MAF","Americas",0,NaN,NaN,NaN,NaN,NaN,"Unreliable testing capacity",NaN,"0 NGS facilities or equivalent",0,NaN,NaN,NaN,NaN,"0 sequences",NaN,"High income","High Income *","High Income *","High Income*"
"Sudan","SDN","Eastern Mediterranean",0,1,438.49,5.39,671.917261511095,0.126050049384141,"Unreliable testing capacity",NaN,"0 NGS facilities or equivalent",0,0,36805,0,0,"0 sequences",0.22,"Low income","1 - Test","1 - Test","Test"
"Suriname","SUR","Americas",1,1,5.87,NaN,0,NaN,"Reliable testing capacity",NaN,"0 NGS facilities or equivalent",338,338,23716,1.43,57.62,"1-499 sequences",181.03,"Upper middle income","2 - Connect","2 - Connect","Connect"
"Sweden","SWE","Europe",1,1,100.99,476.54,93694.3756807605,0.115913802241446,"Reliable testing capacity",2,"4+ NGS facilities or equivalent",76435,75057,1093576,6.99,756.84,"500+ sequences",20.33,"High income","High Income *","High Income *","High Income*"
"Switzerland","CHE","Europe",1,1,86.55,389.11,103692.050837666,0.0794099133917289,"Reliable testing capacity",2,"4+ NGS facilities or equivalent",46791,45792,706775,6.62,540.65,"500+ sequences",12.72,"High income","High Income *","High Income *","High Income*"
"Syria","SYR","Eastern Mediterranean",0,1,175.01,NaN,0,NaN,"Unreliable testing capacity",NaN,"0 NGS facilities or equivalent",0,0,25806,0,0,"0 sequences",1.26,"Low income","1 - Test","1 - Test","Test"
"Taiwan","TWN","Western Pacific",1,1,238.17,215.97,14991.0022253013,0.00436112745689777,"Reliable testing capacity",2,"4+ NGS facilities or equivalent",238,73,15327,1.55,1,"1-499 sequences",NaN,"High income","High Income *","High Income *","High Income*"
"Tajikistan","TJK","Europe",0,1,95.38,NaN,7.33906479345775,NaN,"Unreliable testing capacity",NaN,"0 NGS facilities or equivalent",0,0,13958,0,0,"0 sequences",1.75,"Low income","1 - Test","1 - Test","Test"
"Tanzania","TZA","Africa",1,1,597.34,0.14,6.49546322027656,0.131185567010309,"Reliable testing capacity",NaN,"0 NGS facilities or equivalent",0,0,509,0,0,"0 sequences",0,"Lower middle income","2 - Connect","2 - Connect","Connect"
"Thailand","THA","South-East Asia",1,1,698,69.69,8759.15042979943,0.0813397434398117,"Reliable testing capacity",1,"1-3 NGS facilities or equivalent",1916,1581,363025,0.53,2.74,"500+ sequences",62.17,"Upper middle income","4 - Strengthen","4 - Strengthen","Strengthen"
"The Bahamas","BHS","Americas",1,1,3.93,126.96,29318.5750636132,0.119603895089479,"Reliable testing capacity",NaN,"0 NGS facilities or equivalent",61,28,13274,0.46,15.51,"1-499 sequences",67.64,"High income","High Income *","High Income *","High Income*"
"The Gambia","GMB","Africa",1,1,24.17,14.31,3471.41083988415,0.0873975019069413,"Reliable testing capacity",1,"1-3 NGS facilities or equivalent",533,474,6521,8.17,22.06,"500+ sequences",1.53,"Low income","4 - Strengthen","4 - Strengthen","Strengthen"
"Togo","TGO","Africa",0,1,82.79,16.47,4774.2601763498,0.0383265740864897,"Unreliable testing capacity",NaN,"0 NGS facilities or equivalent",125,123,14377,0.87,1.51,"1-499 sequences",2.69,"Low income","1 - Test","1 - Test","Test"
"Tonga","TON","Western Pacific",1,1,NaN,NaN,NaN,NaN,"Reliable testing capacity",NaN,"0 NGS facilities or equivalent",0,0,0,NaN,0,"0 sequences",0,"Upper middle income","2 - Connect","2 - Connect","Connect"
"Trinidad and Tobago","TTO","Americas",1,1,13.99,140.75,16667.2623302359,0.161055001608234,"Reliable testing capacity",NaN,"0 NGS facilities or equivalent",485,485,35236,1.38,34.66,"1-499 sequences",91.25,"High income","High Income *","High Income *","High Income*"
"Tunisia","TUN","Eastern Mediterranean",1,1,118.19,144.75,18375.1332600051,0.262132918185598,"Reliable testing capacity",1,"1-3 NGS facilities or equivalent",132,118,518609,0.03,1.12,"1-499 sequences",379.16,"Lower middle income","3 - Leverage","3 - Leverage","Leverage"
"Turkey","TUR","Europe",1,1,843.39,342.6,78523.5359679389,0.0845832597531799,"Reliable testing capacity",2,"4+ NGS facilities or equivalent",7657,5411,4676926,0.16,9.08,"500+ sequences",40.63,"Upper middle income","4 - Strengthen","4 - Strengthen","Strengthen"
"Turkmenistan","TKM","Europe",1,1,NaN,NaN,NaN,NaN,"Reliable testing capacity",NaN,"0 NGS facilities or equivalent",0,0,0,NaN,0,"0 sequences",0,"Upper middle income","2 - Connect","2 - Connect","Connect"
"Turks and Caicos Islands","TCA","Americas",0,NaN,NaN,NaN,NaN,NaN,"Unreliable testing capacity",NaN,"0 NGS facilities or equivalent",10,10,0,NaN,25.83,"1-499 sequences",0,"High income","High Income *","High Income *","High Income*"
"Tuvalu","TUV","Western Pacific",0,NaN,NaN,NaN,NaN,NaN,"Unreliable testing capacity",NaN,"0 NGS facilities or equivalent",0,0,0,NaN,0,"0 sequences",0,"Upper middle income","1 - Test","1 - Test","Test"
"Uganda","UGA","Africa",1,1,457.41,15.87,3168.11613213528,0.0638245896842791,"Reliable testing capacity",1,"1-3 NGS facilities or equivalent",496,495,88674,0.56,1.08,"1-499 sequences",10.94,"Low income","3 - Leverage","3 - Leverage","Leverage"
"Ukraine","UKR","Europe",1,1,437.34,105.37,25749.4992454383,0.20652845509829,"Reliable testing capacity",1,"1-3 NGS facilities or equivalent",181,178,2313705,0.01,0.41,"1-499 sequences",8.67,"Lower middle income","3 - Leverage","3 - Leverage","Leverage"
"United Arab Emirates","ARE","Eastern Mediterranean",1,1,98.9,2751.06,646659.282103134,0.0105017616949323,"Reliable testing capacity",2,"4+ NGS facilities or equivalent",1847,1845,654813,0.28,18.67,"500+ sequences",113.31,"High income","High Income *","High Income *","High Income*"
"United Kingdom","GBR","Europe",1,1,678.86,1750.07,345083.243967828,0.0244314887325607,"Reliable testing capacity",2,"4+ NGS facilities or equivalent",586066,558603,5252655,11.16,863.31,"500+ sequences",279.89,"High income","High Income *","High Income *","High Income*"
"United States of America","USA","Americas",1,1,3310.03,598.08,150441.804454945,0.0691687780219185,"Reliable testing capacity",2,"4+ NGS facilities or equivalent",650238,627668,33947229,1.92,196.44,"500+ sequences",29.12,"High income","High Income *","High Income *","High Income*"
"Uruguay","URY","Americas",0,1,34.74,546.23,86736.8163500288,0.126253261857597,"Reliable testing capacity",2,"4+ NGS facilities or equivalent",668,553,377704,0.18,19.23,"500+ sequences",168.15,"High income","High Income *","High Income *","High Income*"
"Uzbekistan","UZB","Europe",1,1,334.69,45.89,4182.97529056739,0.0887785714285714,"Reliable testing capacity",NaN,"0 NGS facilities or equivalent",34,18,117409,0.03,0.1,"1-499 sequences",10.09,"Lower middle income","2 - Connect","2 - Connect","Connect"
"Vanuatu","VUT","Western Pacific",1,1,3.07,NaN,0,NaN,"Reliable testing capacity",NaN,"0 NGS facilities or equivalent",0,0,4,0,0,"0 sequences",0,"Lower middle income","2 - Connect","2 - Connect","Connect"
"Venezuela","VEN","Americas",1,1,284.36,61.32,11179.751019834,0.0943111107196624,"Reliable testing capacity",1,"1-3 NGS facilities or equivalent",148,29,288099,0.05,0.52,"1-499 sequences",28.6,"Upper middle income","3 - Leverage","3 - Leverage","Leverage"
"Vietnam","VNM","Western Pacific",1,1,973.39,13.21,2961.70085988145,0.0350942977359525,"Reliable testing capacity",1,"1-3 NGS facilities or equivalent",186,143,38239,0.49,0.19,"1-499 sequences",6.51,"Lower middle income","3 - Leverage","3 - Leverage","Leverage"
"U.S. Virgin Islands","VIR","Americas",1,1,NaN,NaN,NaN,NaN,"Reliable testing capacity",NaN,"0 NGS facilities or equivalent",0,NaN,NaN,NaN,NaN,"0 sequences",80.44,"High income","High Income *","High Income *","High Income*"
"West Bank and Gaza","PSE","Eastern Mediterranean",0,1,51.01,242.23,38654.1070378357,0.160308680732711,"Reliable testing capacity",NaN,"0 NGS facilities or equivalent",128,256,630818,0.02,2.51,"1-499 sequences",13.76,"Lower middle income","2 - Connect","2 - Connect","Connect"
"Yemen","YEM","Eastern Mediterranean",1,1,298.26,NaN,0,NaN,"Reliable testing capacity",NaN,"0 NGS facilities or equivalent",0,0,6964,0,0,"0 sequences",0.05,"Low income","2 - Connect","2 - Connect","Connect"
"Zambia","ZMB","Africa",1,1,183.84,55.74,11167.3792428198,0.0935557578600407,"Reliable testing capacity",1,"1-3 NGS facilities or equivalent",692,692,180549,0.38,3.76,"500+ sequences",76.45,"Lower middle income","4 - Strengthen","4 - Strengthen","Strengthen"
"Zimbabwe","ZWE","Africa",1,1,148.63,77.95,6926.09836506762,0.0950957135335614,"Reliable testing capacity",NaN,"0 NGS facilities or equivalent",559,474,76381,0.73,3.76,"500+ sequences",69.72,"Lower middle income","3 - Leverage","3 - Leverage","Leverage"
