"geometry","country","code","region","who_testing_capacity","owid_testing_capacity","pop_100k","max_new_tests_cap_avg","cap_cum_tests","cum_tpr","dx_testing_capacity","ngs_capacity","sequencing_capacity","total_sequences","submission_count","total_viable_sequences","all_cases","percent_cases_sequenced","sequences_per_capita_per_100k","sars_cov_2_sequencing","cases_newly_reported_in_last_7_days_per_100000_population","world_bank_economies","archetype_full","archetype","label"
NaN,"Abyei","","",NaN,NaN,NaN,NaN,NaN,NaN,"Unreliable testing capacity",NaN,"0 NGS facilities or equivalent",0,0,NaN,NaN,NaN,NaN,"0 sequences",NaN,NaN,"1 - Test","Test","– Increase diagnostic testing capacity"
NaN,"Abyei Disputed Boundary","","",NaN,NaN,NaN,NaN,NaN,NaN,"Unreliable testing capacity",NaN,"0 NGS facilities or equivalent",0,0,NaN,NaN,NaN,NaN,"0 sequences",NaN,NaN,"1 - Test","Test","– Increase diagnostic testing capacity"
NaN,"Abyei Disputed Boundary","","",NaN,NaN,NaN,NaN,NaN,NaN,"Unreliable testing capacity",NaN,"0 NGS facilities or equivalent",0,0,NaN,NaN,NaN,NaN,"0 sequences",NaN,NaN,"1 - Test","Test","– Increase diagnostic testing capacity"
NaN,"Abyei Disputed Boundary","","",NaN,NaN,NaN,NaN,NaN,NaN,"Unreliable testing capacity",NaN,"0 NGS facilities or equivalent",0,0,NaN,NaN,NaN,NaN,"0 sequences",NaN,NaN,"1 - Test","Test","– Increase diagnostic testing capacity"
NaN,"Afghanistan","AFG","Eastern Mediterranean",1,1,389.28,10.65,1845.13974517057,0.208568850970936,"Reliable testing capacity",NaN,"0 NGS facilities or equivalent",16,16,16,145552,0.01,0.04,"1-499 sequences",25.42,"Low income","2 - Connect","Connect","– Set-up sample referral networks or build NGS capacity from scratch"
NaN,"Aksai Chin","","",NaN,NaN,NaN,NaN,NaN,NaN,"Unreliable testing capacity",NaN,"0 NGS facilities or equivalent",0,0,NaN,NaN,NaN,NaN,"0 sequences",NaN,NaN,"1 - Test","Test","– Increase diagnostic testing capacity"
NaN,"Aksai Chin Disputed Boundary","","",NaN,NaN,NaN,NaN,NaN,NaN,"Unreliable testing capacity",NaN,"0 NGS facilities or equivalent",0,0,NaN,NaN,NaN,NaN,"0 sequences",NaN,NaN,"1 - Test","Test","– Increase diagnostic testing capacity"
NaN,"Aksai Chin Disputed Boundary","","",NaN,NaN,NaN,NaN,NaN,NaN,"Unreliable testing capacity",NaN,"0 NGS facilities or equivalent",0,0,NaN,NaN,NaN,NaN,"0 sequences",NaN,NaN,"1 - Test","Test","– Increase diagnostic testing capacity"
NaN,"Albania","ALB","Europe",1,1,28.78,123.74,32180.9242529534,0.144390806409643,"Reliable testing capacity",NaN,"0 NGS facilities or equivalent",42,42,30,132952,0.03,1.46,"1-499 sequences",1.25,"Upper middle income","2 - Connect","Connect","– Set-up sample referral networks or build NGS capacity from scratch"
NaN,"Algeria","DZA","Africa",1,1,438.51,4.46,525.764520763495,0.782275658959111,"Reliable testing capacity",NaN,"0 NGS facilities or equivalent",35,35,17,167131,0.02,0.08,"1-499 sequences",7.77,"Lower middle income","2 - Connect","Connect","– Set-up sample referral networks or build NGS capacity from scratch"
NaN,"American Samoa","ASM","Western Pacific",0,NaN,NaN,NaN,NaN,NaN,"Unreliable testing capacity",NaN,"0 NGS facilities or equivalent",0,0,NaN,NaN,NaN,NaN,"0 sequences",0,"Upper middle income","1 - Test","Test","– Increase diagnostic testing capacity"
NaN,"Andorra","AND","Europe",1,1,0.77,11029.48,441271.428571429,0.0436636755067264,"Reliable testing capacity",NaN,"0 NGS facilities or equivalent",1,1,1,14586,0.01,1.29,"1-499 sequences",142.37,"High income","High Income*","High Income*",""
NaN,"Angola","AGO","Africa",1,1,328.66,16.29,2498.23830097974,0.053091632757703,"Reliable testing capacity",NaN,"0 NGS facilities or equivalent",784,784,742,42288,1.85,2.39,"500+ sequences",1.95,"Lower middle income","3 - Leverage","Leverage","– Leverage existing NGS capacity"
NaN,"Anguilla","AIA","",NaN,NaN,NaN,NaN,NaN,NaN,"Unreliable testing capacity",NaN,"0 NGS facilities or equivalent",5,5,5,0,NaN,33.33,"1-499 sequences",13.33,NaN,"1 - Test","Test","– Increase diagnostic testing capacity"
NaN,"Antigua and Barbuda","ATG","Americas",0,NaN,0.98,131.09,17040.8163265306,0.0795209580838323,"Reliable testing capacity",NaN,"0 NGS facilities or equivalent",18,18,18,1288,1.4,18.38,"1-499 sequences",2.04,"High income","High Income*","High Income*",""
NaN,"Argentina","ARG","Americas",1,1,451.96,224.27,44532.2771926719,0.249058569048803,"Reliable testing capacity",2,"4+ NGS facilities or equivalent",4778,4783,2431,4891810,0.1,10.57,"500+ sequences",280.2,"Upper middle income","4 - Strengthen","Strengthen","– Build additional NGS capacity for scale-up"
NaN,"Armenia","ARM","Europe",1,NaN,29.63,181.19,46981.100236247,0.166605366186559,"Reliable testing capacity",NaN,"0 NGS facilities or equivalent",81,84,78,229370,0.04,2.73,"1-499 sequences",25.85,"Upper middle income","2 - Connect","Connect","– Set-up sample referral networks or build NGS capacity from scratch"
NaN,"Aruba","ABW","Americas",1,1,NaN,NaN,NaN,NaN,"Reliable testing capacity",NaN,"0 NGS facilities or equivalent",1279,1279,1224,0,NaN,1197.95,"500+ sequences",8.43,"High income","High Income*","High Income*",""
NaN,"Arunachal Pradesh","","",NaN,NaN,NaN,NaN,NaN,NaN,"Unreliable testing capacity",NaN,"0 NGS facilities or equivalent",0,0,NaN,NaN,NaN,NaN,"0 sequences",NaN,NaN,"1 - Test","Test","– Increase diagnostic testing capacity"
NaN,"Arunachal Pradesh Disputed Boundary","","",NaN,NaN,NaN,NaN,NaN,NaN,"Unreliable testing capacity",NaN,"0 NGS facilities or equivalent",0,0,NaN,NaN,NaN,NaN,"0 sequences",NaN,NaN,"1 - Test","Test","– Increase diagnostic testing capacity"
NaN,"Arunachal Pradesh Disputed Boundary","","",NaN,NaN,NaN,NaN,NaN,NaN,"Unreliable testing capacity",NaN,"0 NGS facilities or equivalent",0,0,NaN,NaN,NaN,NaN,"0 sequences",NaN,NaN,"1 - Test","Test","– Increase diagnostic testing capacity"
NaN,"Australia","AUS","Western Pacific",1,1,255,590.27,103898,0.00137117889755375,"Reliable testing capacity",2,"4+ NGS facilities or equivalent",20823,20866,19237,33726,61.74,81.66,"500+ sequences",0.98,"High income","High Income*","High Income*",""
NaN,"Australian Indian Ocean Territories","","",NaN,NaN,NaN,NaN,NaN,NaN,"Unreliable testing capacity",NaN,"0 NGS facilities or equivalent",0,0,NaN,NaN,NaN,NaN,"0 sequences",NaN,NaN,"1 - Test","Test","– Increase diagnostic testing capacity"
NaN,"Australian Indian Ocean Territories","","",NaN,NaN,NaN,NaN,NaN,NaN,"Unreliable testing capacity",NaN,"0 NGS facilities or equivalent",0,0,NaN,NaN,NaN,NaN,"0 sequences",NaN,NaN,"1 - Test","Test","– Increase diagnostic testing capacity"
NaN,"Austria","AUT","Europe",1,1,90.06,5074.8,769300.499666889,0.00956262082744645,"Reliable testing capacity",2,"4+ NGS facilities or equivalent",44707,45753,6372,657501,6.8,496.39,"500+ sequences",7.92,"High income","High Income*","High Income*",""
NaN,"Azerbaijan","AZE","Europe",0,1,101.39,161.18,40603.2942104744,0.0851651101057917,"Reliable testing capacity",1,"1-3 NGS facilities or equivalent",14,14,14,341933,0,0.14,"1-499 sequences",6.28,"Upper middle income","3 - Leverage","Leverage","– Leverage existing NGS capacity"
NaN,"Bahrain","BHR","Eastern Mediterranean",1,1,17.02,1044.51,326305.992949471,0.0486068096961176,"Reliable testing capacity",2,"4+ NGS facilities or equivalent",361,361,361,268846,0.13,21.22,"1-499 sequences",57.01,"High income","High Income*","High Income*",""
NaN,"Bangladesh","BGD","South-East Asia",1,1,1646.89,23.67,4928.94485970526,0.165495236792926,"Reliable testing capacity",2,"4+ NGS facilities or equivalent",2056,2079,1950,1210982,0.17,1.25,"500+ sequences",41.08,"Lower middle income","4 - Strengthen","Strengthen","– Build additional NGS capacity for scale-up"
NaN,"Barbados","BRB","Americas",0,1,2.87,388.06,74923.3449477352,0.0207180393433474,"Reliable testing capacity",NaN,"0 NGS facilities or equivalent",39,39,39,4364,0.89,13.57,"1-499 sequences",9.4,"High income","High Income*","High Income*",""
NaN,"Belarus","BLR","Europe",1,1,94.49,282.57,78194.3486083183,0.0613044393891983,"Reliable testing capacity",1,"1-3 NGS facilities or equivalent",48,51,44,442831,0.01,0.51,"1-499 sequences",66.99,"Upper middle income","3 - Leverage","Leverage","– Leverage existing NGS capacity"
NaN,"Belgium","BEL","Europe",1,1,115.9,1311.73,178838.619499569,0.0548417176957491,"Reliable testing capacity",2,"4+ NGS facilities or equivalent",36777,36802,34980,1121089,3.28,317.33,"500+ sequences",32.66,"High income","High Income*","High Income*",""
NaN,"Belize","BLZ","Americas",0,1,3.98,240.9,43004.5226130653,0.0843548066698606,"Reliable testing capacity",NaN,"0 NGS facilities or equivalent",52,52,52,14069,0.37,13.08,"1-499 sequences",45.77,"Upper middle income","2 - Connect","Connect","– Set-up sample referral networks or build NGS capacity from scratch"
NaN,"Benin","BEN","Africa",0,1,121.23,28.81,5284.05510187247,0.0134376961094997,"Unreliable testing capacity",NaN,"0 NGS facilities or equivalent",65,80,65,8394,0.77,0.54,"1-499 sequences",0.23,"Lower middle income","1 - Test","Test","– Increase diagnostic testing capacity"
NaN,"Bermuda","BMU","Americas",1,1,0.62,3459.14,648059.677419355,NaN,"Reliable testing capacity",NaN,"0 NGS facilities or equivalent",40,40,40,0,NaN,64.23,"1-499 sequences",11.24,"High income","High Income*","High Income*",""
NaN,"Bhutan","BTN","South-East Asia",0,1,7.72,750.57,103442.098445596,0.00318568246108997,"Reliable testing capacity",NaN,"0 NGS facilities or equivalent",0,0,0,2501,0,0,"0 sequences",19.18,"Lower middle income","2 - Connect","Connect","– Set-up sample referral networks or build NGS capacity from scratch"
NaN,"Bolivia","BOL","Americas",1,1,116.73,103.68,18145.9521973786,0.225317336558748,"Reliable testing capacity",NaN,"0 NGS facilities or equivalent",66,66,64,470929,0.01,0.57,"1-499 sequences",90.72,"Lower middle income","2 - Connect","Connect","– Set-up sample referral networks or build NGS capacity from scratch"
NaN,"Bosnia and Herzegovina","BIH","Europe",1,1,32.81,102.26,23203.2002438281,0.270730083003086,"Reliable testing capacity",1,"1-3 NGS facilities or equivalent",183,183,176,205566,0.09,5.58,"1-499 sequences",2.77,"Upper middle income","3 - Leverage","Leverage","– Leverage existing NGS capacity"
NaN,"Botswana","BWA","Africa",1,1,23.52,262.32,64847.8741496599,0.0803646944510373,"Reliable testing capacity",1,"1-3 NGS facilities or equivalent",763,763,732,102124,0.75,32.45,"500+ sequences",166.1,"Upper middle income","4 - Strengthen","Strengthen","– Build additional NGS capacity for scale-up"
NaN,"Brazil","BRA","Americas",1,1,2125.59,160.1,11084.6856637451,0.855284322553868,"Reliable testing capacity",2,"4+ NGS facilities or equivalent",27906,27937,24587,19797086,0.14,13.13,"500+ sequences",160.76,"Upper middle income","4 - Strengthen","Strengthen","– Build additional NGS capacity for scale-up"
NaN,"British Indian Ocean Territory","IOT","",NaN,NaN,NaN,NaN,NaN,NaN,"Unreliable testing capacity",NaN,"0 NGS facilities or equivalent",0,0,NaN,NaN,NaN,NaN,"0 sequences",NaN,NaN,"1 - Test","Test","– Increase diagnostic testing capacity"
NaN,"British Virgin Islands","VGB","Americas",0,NaN,NaN,NaN,NaN,NaN,"Unreliable testing capacity",NaN,"0 NGS facilities or equivalent",11,11,11,0,NaN,36.38,"1-499 sequences",1587.46,"High income","High Income*","High Income*",""
NaN,"Brunei","BRN","Western Pacific",1,1,4.37,112.5,35195.4233409611,0.00220410392447531,"Reliable testing capacity",1,"1-3 NGS facilities or equivalent",10,10,10,333,3,2.29,"1-499 sequences",1.37,"High income","High Income*","High Income*",""
NaN,"Bulgaria","BGR","Europe",1,1,69.48,219.52,53908.7219343696,0.11423417160182,"Reliable testing capacity",2,"4+ NGS facilities or equivalent",3613,3613,3464,424295,0.85,52,"500+ sequences",6.75,"Upper middle income","4 - Strengthen","Strengthen","– Build additional NGS capacity for scale-up"
NaN,"Burkina Faso","BFA","Africa",1,1,209.03,5.49,1037.7122901019,0.0627440494576166,"Reliable testing capacity",1,"1-3 NGS facilities or equivalent",264,264,264,13560,1.95,1.26,"1-499 sequences",0.11,"Low income","3 - Leverage","Leverage","– Leverage existing NGS capacity"
NaN,"Burundi","BDI","Africa",1,1,118.91,25.93,3520.97384576571,0.0193179022592487,"Reliable testing capacity",NaN,"0 NGS facilities or equivalent",9,9,9,6715,0.13,0.08,"1-499 sequences",0.87,"Low income","2 - Connect","Connect","– Set-up sample referral networks or build NGS capacity from scratch"
NaN,"Cambodia","KHM","Western Pacific",1,1,167.19,89.02,10904.9464680902,0.0446111722369156,"Reliable testing capacity",1,"1-3 NGS facilities or equivalent",661,663,565,75152,0.88,3.95,"500+ sequences",40.18,"Lower middle income","4 - Strengthen","Strengthen","– Build additional NGS capacity for scale-up"
NaN,"Cameroon","CMR","Africa",1,1,265.46,41.15,6899.09590898817,0.0448086035314404,"Reliable testing capacity",1,"1-3 NGS facilities or equivalent",208,217,206,82064,0.25,0.78,"1-499 sequences",0,"Lower middle income","3 - Leverage","Leverage","– Leverage existing NGS capacity"
NaN,"Canada","CAN","Americas",1,1,377.42,696.06,101613.692968046,0.0377021066443048,"Reliable testing capacity",2,"4+ NGS facilities or equivalent",91552,91644,61155,1436199,6.37,242.57,"500+ sequences",8.86,"High income","High Income*","High Income*",""
NaN,"Cape Verde","CPV","Africa",0,1,5.56,255.71,52149.2805755396,0.117296085531988,"Reliable testing capacity",NaN,"0 NGS facilities or equivalent",40,40,0,33682,0.12,7.19,"1-499 sequences",54.5,"Lower middle income","2 - Connect","Connect","– Set-up sample referral networks or build NGS capacity from scratch"
NaN,"Cayman Islands","CYM","Americas",0,NaN,NaN,NaN,NaN,NaN,"Unreliable testing capacity",NaN,"0 NGS facilities or equivalent",19,19,19,0,NaN,28.91,"1-499 sequences",1.52,"High income","High Income*","High Income*",""
NaN,"Central African Republic","CAF","Africa",1,1,48.3,10.12,1263.43685300207,0.11718340325118,"Reliable testing capacity",NaN,"0 NGS facilities or equivalent",56,100,11,7148,0.78,1.16,"1-499 sequences",0.02,"Low income","2 - Connect","Connect","– Set-up sample referral networks or build NGS capacity from scratch"
NaN,"Chad","TCD","Africa",1,1,164.26,3.4,880.104712041885,0.0344271820483378,"Reliable testing capacity",NaN,"0 NGS facilities or equivalent",0,9,0,4972,0,0,"1-499 sequences",0.13,"Low income","2 - Connect","Connect","– Set-up sample referral networks or build NGS capacity from scratch"
NaN,"Chile","CHL","Americas",1,1,191.16,397.29,100049.680895585,0.0848348672978276,"Reliable testing capacity",2,"4+ NGS facilities or equivalent",6064,6071,4840,1611917,0.38,31.72,"500+ sequences",106.89,"High income","High Income*","High Income*",""
NaN,"China","CHN","Western Pacific",1,1,14393.24,49.85,6252.93540578772,0.00117527777777778,"Reliable testing capacity",2,"4+ NGS facilities or equivalent",1254,1317,1082,92322,1.36,0.09,"500+ sequences",0.04,"Upper middle income","High Income*","High Income*",""
NaN,"Clipperton Island","","",NaN,NaN,NaN,NaN,NaN,NaN,"Unreliable testing capacity",NaN,"0 NGS facilities or equivalent",0,0,NaN,NaN,NaN,NaN,"0 sequences",NaN,NaN,"1 - Test","Test","– Increase diagnostic testing capacity"
NaN,"Colombia","COL","Americas",1,1,508.83,279.34,43303.2014621779,0.219417310581553,"Reliable testing capacity",2,"4+ NGS facilities or equivalent",1924,1933,1860,4757139,0.04,3.78,"500+ sequences",372.44,"Upper middle income","4 - Strengthen","Strengthen","– Build additional NGS capacity for scale-up"
NaN,"Comoros","COM","Africa",0,NaN,8.7,8.86,715.747126436782,0.647342219367272,"Unreliable testing capacity",NaN,"0 NGS facilities or equivalent",6,6,6,4024,0.15,0.69,"1-499 sequences",2.64,"Lower middle income","1 - Test","Test","– Increase diagnostic testing capacity"
NaN,"Cook Islands","COK","",NaN,NaN,NaN,NaN,NaN,NaN,"Unreliable testing capacity",NaN,"0 NGS facilities or equivalent",0,0,0,0,NaN,0,"0 sequences",0,NaN,"1 - Test","Test","– Increase diagnostic testing capacity"
NaN,"Costa Rica","CRI","Americas",1,1,50.94,180.2,35707.0082449941,0.229079973500686,"Reliable testing capacity",1,"1-3 NGS facilities or equivalent",815,815,746,403511,0.2,16,"500+ sequences",189.45,"Upper middle income","4 - Strengthen","Strengthen","– Build additional NGS capacity for scale-up"
NaN,"Croatia","HRV","Europe",1,1,41.05,237.5,56621.1205846529,0.156964449896033,"Reliable testing capacity",1,"1-3 NGS facilities or equivalent",5823,5827,5323,363039,1.6,141.84,"500+ sequences",15.23,"High income","High Income*","High Income*",""
NaN,"Cuba","CUB","Americas",0,1,113.27,373.81,54832.8418822283,0.0722585847240568,"Reliable testing capacity",NaN,"0 NGS facilities or equivalent",653,653,2,358378,0.18,5.77,"500+ sequences",208.22,"Upper middle income","3 - Leverage","Leverage","– Leverage existing NGS capacity"
NaN,"Curaçao","CUW","Americas",0,NaN,NaN,NaN,NaN,NaN,"Unreliable testing capacity",NaN,"0 NGS facilities or equivalent",549,549,444,0,NaN,334.55,"500+ sequences",6.7,"High income","High Income*","High Income*",""
NaN,"Cyprus","CYP","Europe",1,1,12.07,5361.32,726198.425849213,0.0120468237230918,"Reliable testing capacity",1,"1-3 NGS facilities or equivalent",133,167,133,100129,0.13,14.98,"1-499 sequences",532.43,"High income","High Income*","High Income*",""
NaN,"Czech Republic","CZE","Europe",1,1,107.09,2964.16,315382.827528247,0.0495857403253422,"Reliable testing capacity",1,"1-3 NGS facilities or equivalent",6112,6120,5878,1673017,0.37,57.07,"500+ sequences",10.02,"High income","High Income*","High Income*",""
NaN,"Demchok-Jammu & Kashmir Disputed Boundary","","",NaN,NaN,NaN,NaN,NaN,NaN,"Unreliable testing capacity",NaN,"0 NGS facilities or equivalent",0,0,NaN,NaN,NaN,NaN,"0 sequences",NaN,NaN,"1 - Test","Test","– Increase diagnostic testing capacity"
NaN,"Demchok-Jammu & Kashmir Disputed Boundary","","",NaN,NaN,NaN,NaN,NaN,NaN,"Unreliable testing capacity",NaN,"0 NGS facilities or equivalent",0,0,NaN,NaN,NaN,NaN,"0 sequences",NaN,NaN,"1 - Test","Test","– Increase diagnostic testing capacity"
NaN,"Democratic Republic of the Congo","COD","Africa",1,1,895.61,2.25,294.438427440515,0.195383425229994,"Reliable testing capacity",1,"1-3 NGS facilities or equivalent",649,870,606,48970,1.33,0.72,"500+ sequences",2.44,"Low income","4 - Strengthen","Strengthen","– Build additional NGS capacity for scale-up"
NaN,"Denmark","DNK","Europe",1,1,57.92,9787.53,1332084.56491713,0.00420093034820673,"Reliable testing capacity",2,"4+ NGS facilities or equivalent",137264,137735,130181,315223,43.55,2369.81,"500+ sequences",55.09,"High income","High Income*","High Income*",""
NaN,"Djibouti","DJI","Eastern Mediterranean",1,1,9.88,85.26,19782.1862348178,0.0596526953460767,"Reliable testing capacity",NaN,"0 NGS facilities or equivalent",139,139,139,11647,1.19,14.07,"1-499 sequences",0.71,"Lower middle income","2 - Connect","Connect","– Set-up sample referral networks or build NGS capacity from scratch"
NaN,"Dominica","DMA","Americas",1,1,0.72,119.31,29766.6666666667,0.0101717058603957,"Reliable testing capacity",NaN,"0 NGS facilities or equivalent",9,9,9,210,4.29,12.5,"1-499 sequences",5.56,"Upper middle income","2 - Connect","Connect","– Set-up sample referral networks or build NGS capacity from scratch"
NaN,"Dominican Republic","DOM","Americas",0,1,108.48,59.85,16994.5980825959,0.186675989138489,"Reliable testing capacity",1,"1-3 NGS facilities or equivalent",278,278,232,340814,0.08,2.56,"1-499 sequences",52.73,"Upper middle income","3 - Leverage","Leverage","– Leverage existing NGS capacity"
NaN,"East Timor","TLS","South-East Asia",1,1,13.18,NaN,0,NaN,"Reliable testing capacity",NaN,"0 NGS facilities or equivalent",19,19,17,0,NaN,NaN,"1-499 sequences",28.75,"Lower middle income","2 - Connect","Connect","– Set-up sample referral networks or build NGS capacity from scratch"
NaN,"Ecuador","ECU","Americas",1,1,176.43,29.29,9649.73643938106,0.288507567974917,"Reliable testing capacity",1,"1-3 NGS facilities or equivalent",1665,1803,1235,480720,0.35,9.44,"500+ sequences",36.98,"Upper middle income","4 - Strengthen","Strengthen","– Build additional NGS capacity for scale-up"
NaN,"Egypt","EGY","Eastern Mediterranean",1,1,1023.34,13.94,3353.85013778412,0.0829342370289695,"Reliable testing capacity",1,"1-3 NGS facilities or equivalent",1008,1016,891,284128,0.35,0.99,"500+ sequences",1.27,"Lower middle income","4 - Strengthen","Strengthen","– Build additional NGS capacity for scale-up"
NaN,"El Salvador","SLV","Americas",0,1,64.86,337.26,26906.5988282455,0.0506377058404893,"Reliable testing capacity",1,"1-3 NGS facilities or equivalent",6,6,1,86059,0.01,0.09,"1-499 sequences",22.65,"Lower middle income","3 - Leverage","Leverage","– Leverage existing NGS capacity"
NaN,"Equatorial Guinea","GNQ","Africa",0,NaN,14.03,60.29,12829.6507483963,0.0496666666666667,"Reliable testing capacity",NaN,"0 NGS facilities or equivalent",191,191,191,8880,2.15,13.61,"1-499 sequences",2.92,"Upper middle income","2 - Connect","Connect","– Set-up sample referral networks or build NGS capacity from scratch"
NaN,"Eritrea","ERI","Africa",0,1,35.46,7.13,668.161308516638,0.277550331321487,"Unreliable testing capacity",NaN,"0 NGS facilities or equivalent",0,0,0,6539,0,0,"0 sequences",6.06,"Low income","1 - Test","Test","– Increase diagnostic testing capacity"
NaN,"Estonia","EST","Europe",1,1,13.27,606.94,121290.580256217,0.0838445604482313,"Reliable testing capacity",1,"1-3 NGS facilities or equivalent",4309,4309,4289,132891,3.24,324.83,"500+ sequences",20.47,"High income","High Income*","High Income*",""
NaN,"Eswatini","SWZ","Africa",1,1,11.6,127.63,20379.0517241379,0.130234309234043,"Reliable testing capacity",NaN,"0 NGS facilities or equivalent",33,33,33,24247,0.14,2.84,"1-499 sequences",37.75,"Lower middle income","2 - Connect","Connect","– Set-up sample referral networks or build NGS capacity from scratch"
NaN,"Ethiopia","ETH","Africa",1,1,1149.64,16.85,2664.82812010716,0.0925929129620025,"Reliable testing capacity",NaN,"0 NGS facilities or equivalent",25,25,25,279153,0.01,0.02,"1-499 sequences",0.56,"Low income","2 - Connect","Connect","– Set-up sample referral networks or build NGS capacity from scratch"
NaN,"Falkland Islands","FLK","",NaN,NaN,NaN,NaN,NaN,NaN,"Unreliable testing capacity",NaN,"0 NGS facilities or equivalent",0,0,0,0,NaN,0,"0 sequences",0,NaN,"1 - Test","Test","– Increase diagnostic testing capacity"
NaN,"Faroe Islands","FRO","Europe",1,1,0.49,3988.98,723951.020408163,NaN,"Reliable testing capacity",NaN,"0 NGS facilities or equivalent",42,42,42,0,NaN,85.95,"1-499 sequences",55.25,"High income","High Income*","High Income*",""
NaN,"Fiji","FJI","Western Pacific",1,1,8.96,335.92,26620.5357142857,0.152280731175583,"Reliable testing capacity",NaN,"0 NGS facilities or equivalent",0,0,0,26196,0,0,"0 sequences",392.89,"Upper middle income","2 - Connect","Connect","– Set-up sample referral networks or build NGS capacity from scratch"
NaN,"Finland","FIN","Europe",1,1,55.41,375.8,107688.142934488,0.0185830400536283,"Reliable testing capacity",2,"4+ NGS facilities or equivalent",13928,13928,12544,104495,13.33,251.38,"500+ sequences",25.07,"High income","High Income*","High Income*",""
NaN,"France","FRA","Europe",1,1,652.74,770.35,166958.294267243,0.0582756303505227,"Reliable testing capacity",2,"4+ NGS facilities or equivalent",63767,64138,45626,6465520,0.99,94.38,"500+ sequences",26.63,"High income","High Income*","High Income*",""
NaN,"French Polynesia","PYF","Western Pacific",0,NaN,2.81,33.29,3249.1103202847,NaN,"Unreliable testing capacity",NaN,"0 NGS facilities or equivalent",11,11,11,0,NaN,3.92,"1-499 sequences",5.34,"High income","High Income*","High Income*",""
NaN,"French Southern and Antarctic Lands","ATF","",NaN,NaN,NaN,NaN,NaN,NaN,"Unreliable testing capacity",NaN,"0 NGS facilities or equivalent",0,0,NaN,NaN,NaN,NaN,"0 sequences",NaN,NaN,"1 - Test","Test","– Increase diagnostic testing capacity"
NaN,"Gabon","GAB","Africa",1,1,22.26,159.42,45150.8086253369,0.0253338865357885,"Reliable testing capacity",1,"1-3 NGS facilities or equivalent",219,219,91,25370,0.86,9.84,"1-499 sequences",6.69,"Upper middle income","3 - Leverage","Leverage","– Leverage existing NGS capacity"
NaN,"Georgia","GEO","Europe",1,1,39.89,298.64,71916.746051642,0.154969099879077,"Reliable testing capacity",1,"1-3 NGS facilities or equivalent",167,168,112,410830,0.04,4.19,"1-499 sequences",167.2,"Upper middle income","3 - Leverage","Leverage","– Leverage existing NGS capacity"
NaN,"Germany","DEU","Europe",1,1,837.84,255.85,76163.9071899169,0.0594800276958511,"Reliable testing capacity",2,"4+ NGS facilities or equivalent",149460,149782,142896,3777236,3.96,178.39,"500+ sequences",5.39,"High income","High Income*","High Income*",""
NaN,"Ghana","GHA","Africa",1,1,310.73,16.9,4756.60219483153,0.0722250525872807,"Reliable testing capacity",1,"1-3 NGS facilities or equivalent",1113,1113,942,103019,1.08,3.58,"500+ sequences",2.56,"Lower middle income","4 - Strengthen","Strengthen","– Build additional NGS capacity for scale-up"
NaN,"Gibraltar","GIB","Europe",0,NaN,NaN,NaN,NaN,NaN,"Unreliable testing capacity",NaN,"0 NGS facilities or equivalent",568,762,482,0,NaN,1685.91,"500+ sequences",92.01,"High income","High Income*","High Income*",""
NaN,"Greece","GRC","Europe",1,1,104.23,776.52,129528.475486904,0.0379491425404198,"Reliable testing capacity",2,"4+ NGS facilities or equivalent",8104,8256,8098,485015,1.67,77.75,"500+ sequences",79.34,"High income","High Income*","High Income*",""
NaN,"Greenland","GRL","Americas",1,1,0.57,254.27,52466.6666666667,NaN,"Reliable testing capacity",NaN,"0 NGS facilities or equivalent",0,0,0,0,NaN,0,"0 sequences",1.76,"High income","High Income*","High Income*",""
NaN,"Grenada","GRD","Americas",0,NaN,1.13,88.97,21229.203539823,0.00683646671391054,"Reliable testing capacity",NaN,"0 NGS facilities or equivalent",8,8,8,164,4.88,7.11,"1-499 sequences",0,"Upper middle income","2 - Connect","Connect","– Set-up sample referral networks or build NGS capacity from scratch"
NaN,"Guam","GUM","Western Pacific",1,1,NaN,NaN,NaN,NaN,"Reliable testing capacity",NaN,"0 NGS facilities or equivalent",78,78,NaN,NaN,NaN,NaN,"1-499 sequences",27.26,"High income","High Income*","High Income*",""
NaN,"Guantanamo Bay Naval Base","","",NaN,NaN,NaN,NaN,NaN,NaN,"Unreliable testing capacity",NaN,"0 NGS facilities or equivalent",0,0,NaN,NaN,NaN,NaN,"0 sequences",NaN,NaN,"1 - Test","Test","– Increase diagnostic testing capacity"
NaN,"Guatemala","GTM","Americas",0,1,179.16,53.32,10983.283098906,0.197945384738523,"Reliable testing capacity",1,"1-3 NGS facilities or equivalent",314,314,310,358798,0.09,1.75,"1-499 sequences",82,"Upper middle income","3 - Leverage","Leverage","– Leverage existing NGS capacity"
NaN,"Guernsey","GGY","",NaN,NaN,NaN,NaN,NaN,NaN,"Unreliable testing capacity",NaN,"0 NGS facilities or equivalent",0,0,0,0,NaN,0,"0 sequences",20.17,NaN,"1 - Test","Test","– Increase diagnostic testing capacity"
NaN,"Guinea","GIN","Africa",0,1,131.33,32.21,3876.41056879616,0.0527353763290898,"Unreliable testing capacity",NaN,"0 NGS facilities or equivalent",167,201,8,25293,0.66,1.27,"1-499 sequences",1.33,"Low income","1 - Test","Test","– Increase diagnostic testing capacity"
NaN,"Guinea-Bissau","GNB","Africa",0,NaN,19.68,14.02,4242.98780487805,0.0570525256880075,"Unreliable testing capacity",NaN,"0 NGS facilities or equivalent",48,48,48,4334,1.11,2.44,"1-499 sequences",2.39,"Low income","1 - Test","Test","– Increase diagnostic testing capacity"
NaN,"Guyana","GUY","Americas",1,1,7.87,145.73,23997.331639136,0.121423919431957,"Reliable testing capacity",NaN,"0 NGS facilities or equivalent",11,3,22,44468,0.02,1.4,"1-499 sequences",77.43,"Upper middle income","2 - Connect","Connect","– Set-up sample referral networks or build NGS capacity from scratch"
NaN,"Guyana","GUY","Americas",1,1,7.87,145.73,23997.331639136,0.121423919431957,"Reliable testing capacity",NaN,"0 NGS facilities or equivalent",11,11,22,44468,0.02,1.4,"1-499 sequences",77.43,"Upper middle income","2 - Connect","Connect","– Set-up sample referral networks or build NGS capacity from scratch"
NaN,"Haiti","HTI","Americas",0,1,114.03,NaN,0,NaN,"Unreliable testing capacity",NaN,"0 NGS facilities or equivalent",79,79,79,20000,0.4,0.69,"1-499 sequences",3.81,"Low income","1 - Test","Test","– Increase diagnostic testing capacity"
NaN,"Heard Island and McDonald Islands","HMD","",NaN,NaN,NaN,NaN,NaN,NaN,"Unreliable testing capacity",NaN,"0 NGS facilities or equivalent",0,0,NaN,NaN,NaN,NaN,"0 sequences",NaN,NaN,"1 - Test","Test","– Increase diagnostic testing capacity"
NaN,"Honduras","HND","Americas",0,1,99.05,33.38,9058.81877839475,0.340960863769899,"Unreliable testing capacity",NaN,"0 NGS facilities or equivalent",66,66,66,292969,0.02,0.67,"1-499 sequences",80.28,"Lower middle income","1 - Test","Test","– Increase diagnostic testing capacity"
NaN,"Hong Kong SAR, China","HKG","Western Pacific",1,1,74.97,1183.81,285315.12605042,NaN,"Reliable testing capacity",2,"4+ NGS facilities or equivalent",4603,4669,2465,11980,38.42,61.4,"500+ sequences",NaN,"High income","High Income*","High Income*",""
NaN,"Hungary","HUN","Europe",1,1,96.6,362.19,66000.7039337474,0.127022768437754,"Reliable testing capacity",2,"4+ NGS facilities or equivalent",435,435,314,809362,0.05,4.5,"1-499 sequences",2.38,"High income","High Income*","High Income*",""
NaN,"Iceland","ISL","Europe",1,1,3.41,601.52,125943.401759531,0.0203461499952266,"Reliable testing capacity",1,"1-3 NGS facilities or equivalent",5090,5090,5061,7545,67.46,1491.58,"500+ sequences",4.12,"High income","High Income*","High Income*",""
NaN,"India","IND","South-East Asia",1,1,13800.04,161.31,34785.347361312,0.0665246838130516,"Reliable testing capacity",2,"4+ NGS facilities or equivalent",43167,43876,38771,31528114,0.14,3.13,"500+ sequences",21.59,"Lower middle income","4 - Strengthen","Strengthen","– Build additional NGS capacity for scale-up"
NaN,"India-Pakistan Line of Control","","",NaN,NaN,NaN,NaN,NaN,NaN,"Unreliable testing capacity",NaN,"0 NGS facilities or equivalent",0,0,NaN,NaN,NaN,NaN,"0 sequences",NaN,NaN,"1 - Test","Test","– Increase diagnostic testing capacity"
NaN,"Indonesia","IDN","South-East Asia",1,1,2735.24,98.2,10232.8099179597,0.13003648444144,"Reliable testing capacity",2,"4+ NGS facilities or equivalent",4511,4512,3469,3287727,0.14,1.65,"500+ sequences",78.49,"Upper middle income","4 - Strengthen","Strengthen","– Build additional NGS capacity for scale-up"
NaN,"Iran","IRN","Eastern Mediterranean",1,1,839.93,158.11,31200.8119724263,0.157178956150494,"Reliable testing capacity",2,"4+ NGS facilities or equivalent",599,600,259,3792014,0.02,0.71,"500+ sequences",118.56,"Upper middle income","4 - Strengthen","Strengthen","– Build additional NGS capacity for scale-up"
NaN,"Iraq","IRQ","Eastern Mediterranean",1,1,402.23,107.39,28018.9145513761,0.151229435757505,"Reliable testing capacity",1,"1-3 NGS facilities or equivalent",244,244,125,1590528,0.02,0.61,"1-499 sequences",127.28,"Upper middle income","3 - Leverage","Leverage","– Leverage existing NGS capacity"
NaN,"Ireland","IRL","Europe",1,1,49.38,461.57,95472.0939651681,0.0658890228516303,"Reliable testing capacity",2,"4+ NGS facilities or equivalent",23250,23250,21629,296687,7.84,470.86,"500+ sequences",66.73,"High income","High Income*","High Income*",""
NaN,"Isle of Man","IMN","Europe",0,NaN,NaN,NaN,NaN,NaN,"Unreliable testing capacity",NaN,"0 NGS facilities or equivalent",0,0,0,0,NaN,0,"0 sequences",44.69,"High income","High Income*","High Income*",""
NaN,"Israel","ISR","Europe",1,1,86.56,915.81,196549.803604436,0.0527424609061437,"Reliable testing capacity",2,"4+ NGS facilities or equivalent",14272,14273,14095,867240,1.65,164.89,"500+ sequences",29.11,"High income","High Income*","High Income*",""
NaN,"Italy","ITA","Europe",1,1,604.62,525.75,130496.245575734,0.0556482685058068,"Reliable testing capacity",2,"4+ NGS facilities or equivalent",46687,49023,39751,4330739,1.08,77.22,"500+ sequences",9.73,"High income","High Income*","High Income*",""
NaN,"Ivory Coast","CIV","Africa",1,1,263.78,12.46,3067.49564030632,0.0632742750363347,"Reliable testing capacity",NaN,"0 NGS facilities or equivalent",145,145,145,49775,0.29,0.55,"1-499 sequences",1.47,"Lower middle income","2 - Connect","Connect","– Set-up sample referral networks or build NGS capacity from scratch"
NaN,"Jamaica","JAM","Americas",1,1,29.61,82.9,14930.0236406619,0.123236170992449,"Reliable testing capacity",NaN,"0 NGS facilities or equivalent",167,167,29,52322,0.32,5.64,"1-499 sequences",11.21,"Upper middle income","2 - Connect","Connect","– Set-up sample referral networks or build NGS capacity from scratch"
NaN,"Japan","JPN","Western Pacific",1,1,1264.76,70.96,14513.2159461084,0.0554446879953322,"Reliable testing capacity",2,"4+ NGS facilities or equivalent",74977,75471,61744,893440,8.39,59.28,"500+ sequences",9.28,"High income","High Income*","High Income*",""
NaN,"Jersey","JEY","",NaN,NaN,NaN,NaN,NaN,NaN,"Unreliable testing capacity",NaN,"0 NGS facilities or equivalent",0,0,0,0,NaN,0,"0 sequences",429.52,NaN,"1 - Test","Test","– Increase diagnostic testing capacity"
NaN,"Jordan","JOR","Eastern Mediterranean",1,1,102.03,420.65,72596.8146623542,0.104789043631793,"Reliable testing capacity",2,"4+ NGS facilities or equivalent",685,685,481,768382,0.09,6.71,"500+ sequences",34.53,"Upper middle income","4 - Strengthen","Strengthen","– Build additional NGS capacity for scale-up"
NaN,"Kazakhstan","KAZ","Europe",1,1,187.77,277.26,60052.2873728498,0.0618640374642893,"Reliable testing capacity",1,"1-3 NGS facilities or equivalent",357,358,280,617387,0.06,1.9,"1-499 sequences",62.12,"Upper middle income","3 - Leverage","Leverage","– Leverage existing NGS capacity"
NaN,"Kenya","KEN","Africa",1,1,537.71,12.8,4074.32630972085,0.0963243664660404,"Reliable testing capacity",1,"1-3 NGS facilities or equivalent",2391,2392,2267,199941,1.2,4.45,"500+ sequences",5.2,"Lower middle income","4 - Strengthen","Strengthen","– Build additional NGS capacity for scale-up"
NaN,"Kiribati","KIR","Western Pacific",1,1,1.19,NaN,0,NaN,"Reliable testing capacity",NaN,"0 NGS facilities or equivalent",0,0,0,2,0,0,"0 sequences",0,"Lower middle income","2 - Connect","Connect","– Set-up sample referral networks or build NGS capacity from scratch"
NaN,"Kosovo","XKX","Europe",0,NaN,18,485.36,52988.5555555556,0.114974512316077,"Reliable testing capacity",NaN,"0 NGS facilities or equivalent",0,51,NaN,NaN,NaN,NaN,"1-499 sequences",NaN,"Upper middle income","2 - Connect","Connect","– Set-up sample referral networks or build NGS capacity from scratch"
NaN,"Kuwait","KWT","Eastern Mediterranean",1,1,42.71,1014.75,80945.6567548583,0.116509106097468,"Reliable testing capacity",1,"1-3 NGS facilities or equivalent",186,186,175,395479,0.05,4.36,"1-499 sequences",293.64,"High income","High Income*","High Income*",""
NaN,"Kyrgyzstan","KGZ","Europe",0,1,65.24,343.93,46790.2053954629,0.0551711282833971,"Reliable testing capacity",NaN,"0 NGS facilities or equivalent",0,0,0,160085,0,0,"0 sequences",143.22,"Lower middle income","2 - Connect","Connect","– Set-up sample referral networks or build NGS capacity from scratch"
NaN,"Laos","LAO","Western Pacific",1,1,72.76,37.1,4192.04233095107,0.02550055243547,"Reliable testing capacity",NaN,"0 NGS facilities or equivalent",0,0,0,5434,0,0,"0 sequences",3.83,"Lower middle income","2 - Connect","Connect","– Set-up sample referral networks or build NGS capacity from scratch"
NaN,"Latvia","LVA","Europe",1,1,18.86,723.34,166603.499469777,0.0443477729523363,"Reliable testing capacity",1,"1-3 NGS facilities or equivalent",5484,5506,5481,138650,3.96,290.74,"500+ sequences",16.67,"High income","High Income*","High Income*",""
NaN,"Lebanon","LBN","Eastern Mediterranean",1,1,68.25,283.49,69324.1904761905,0.120493065864983,"Reliable testing capacity",2,"4+ NGS facilities or equivalent",141,142,77,558369,0.03,2.07,"1-499 sequences",21.98,"Upper middle income","3 - Leverage","Leverage","– Leverage existing NGS capacity"
NaN,"Lesotho","LSO","Africa",1,1,21.42,36.2,6393.837535014,0.0993238704401414,"Reliable testing capacity",NaN,"0 NGS facilities or equivalent",18,18,18,12887,0.14,0.84,"1-499 sequences",10.36,"Lower middle income","2 - Connect","Connect","– Set-up sample referral networks or build NGS capacity from scratch"
NaN,"Liberia","LBR","Africa",1,1,50.58,21.09,2535.50810597074,0.042566629758433,"Reliable testing capacity",NaN,"0 NGS facilities or equivalent",0,0,0,5396,0,0,"0 sequences",17.81,"Low income","2 - Connect","Connect","– Set-up sample referral networks or build NGS capacity from scratch"
NaN,"Libya","LBY","Eastern Mediterranean",1,1,68.71,95.46,19511.453936836,0.197538921941293,"Reliable testing capacity",NaN,"0 NGS facilities or equivalent",22,22,12,243470,0.01,0.32,"1-499 sequences",67.93,"Upper middle income","2 - Connect","Connect","– Set-up sample referral networks or build NGS capacity from scratch"
NaN,"Liechtenstein","LIE","Europe",1,1,0.38,NaN,0,NaN,"Reliable testing capacity",NaN,"0 NGS facilities or equivalent",41,57,41,3083,1.33,107.51,"1-499 sequences",30.97,"High income","High Income*","High Income*",""
NaN,"Lithuania","LTU","Europe",1,1,27.22,742.86,157735.268185158,0.0665476665717958,"Reliable testing capacity",1,"1-3 NGS facilities or equivalent",13825,14027,13651,281629,4.91,507.84,"500+ sequences",7.69,"High income","High Income*","High Income*",""
NaN,"Luxembourg","LUX","Europe",1,1,6.26,1694.61,494538.817891374,0.0239878829890565,"Reliable testing capacity",2,"4+ NGS facilities or equivalent",12127,12127,9130,73744,16.44,1937.29,"500+ sequences",136.24,"High income","High Income*","High Income*",""
NaN,"Macao SAR, China","MAC","Western Pacific",1,1,NaN,NaN,NaN,NaN,"Reliable testing capacity",NaN,"0 NGS facilities or equivalent",0,0,0,0,NaN,0,"0 sequences",NaN,"High income","High Income*","High Income*",""
NaN,"Madagascar","MDG","Africa",1,1,276.91,4.55,850.406269184934,0.181263429673102,"Reliable testing capacity",1,"1-3 NGS facilities or equivalent",122,122,122,42615,0.29,0.44,"1-499 sequences",0.79,"Low income","3 - Leverage","Leverage","– Leverage existing NGS capacity"
NaN,"Malawi","MWI","Africa",1,1,191.3,12.51,1855.07056978568,0.156953856991899,"Reliable testing capacity",NaN,"0 NGS facilities or equivalent",368,369,356,50381,0.73,1.92,"1-499 sequences",7.48,"Low income","2 - Connect","Connect","– Set-up sample referral networks or build NGS capacity from scratch"
NaN,"Malaysia","MYS","Western Pacific",1,1,323.66,284.15,41780.139652722,0.0919834705854513,"Reliable testing capacity",1,"1-3 NGS facilities or equivalent",1690,1690,1446,1061476,0.16,5.22,"500+ sequences",147.72,"Upper middle income","4 - Strengthen","Strengthen","– Build additional NGS capacity for scale-up"
NaN,"Maldives","MDV","South-East Asia",0,NaN,5.41,2230.04,226606.654343808,0.0638227583360387,"Reliable testing capacity",NaN,"0 NGS facilities or equivalent",12,12,0,77094,0.02,2.22,"1-499 sequences",146.7,"Upper middle income","2 - Connect","Connect","– Set-up sample referral networks or build NGS capacity from scratch"
NaN,"Mali","MLI","Africa",1,1,202.51,7.03,1756.04661498198,0.0411594496326104,"Reliable testing capacity",1,"1-3 NGS facilities or equivalent",36,36,36,14563,0.25,0.18,"1-499 sequences",0.14,"Low income","3 - Leverage","Leverage","– Leverage existing NGS capacity"
NaN,"Malta","MLT","Europe",1,1,4.42,866.54,252759.2760181,0.0311377770776122,"Reliable testing capacity",NaN,"0 NGS facilities or equivalent",256,299,251,33995,0.75,57.98,"1-499 sequences",24.88,"High income","High Income*","High Income*",""
NaN,"Marshall Islands","MHL","Western Pacific",0,NaN,NaN,NaN,NaN,NaN,"Unreliable testing capacity",NaN,"0 NGS facilities or equivalent",0,0,0,4,0,0,"0 sequences",0,"Upper middle income","1 - Test","Test","– Increase diagnostic testing capacity"
NaN,"Mauritania","MRT","Africa",1,1,46.5,45.31,9395.8064516129,0.0639887389707145,"Reliable testing capacity",NaN,"0 NGS facilities or equivalent",0,0,0,24662,0,0,"0 sequences",10.65,"Lower middle income","2 - Connect","Connect","– Set-up sample referral networks or build NGS capacity from scratch"
NaN,"Mauritius","MUS","Africa",1,1,12.72,391.38,28197.7201257862,0.0128026765177389,"Reliable testing capacity",NaN,"0 NGS facilities or equivalent",249,249,187,3913,6.36,19.58,"1-499 sequences",14.15,"High income","High Income*","High Income*",""
NaN,"Mexico","MEX","Americas",1,1,1289.33,28.15,6795.73809653076,0.338308748430286,"Reliable testing capacity",2,"4+ NGS facilities or equivalent",19692,19719,18275,2790874,0.71,15.27,"500+ sequences",28.46,"Upper middle income","4 - Strengthen","Strengthen","– Build additional NGS capacity for scale-up"
NaN,"Micronesia","FSM","Western Pacific",0,NaN,NaN,NaN,NaN,NaN,"Unreliable testing capacity",NaN,"0 NGS facilities or equivalent",0,0,NaN,NaN,NaN,NaN,"0 sequences",0,"Lower middle income","1 - Test","Test","– Increase diagnostic testing capacity"
NaN,"Moldova","MDA","Europe",0,1,40.34,479.35,29214.9479424888,0.22108455356711,"Reliable testing capacity",NaN,"0 NGS facilities or equivalent",36,36,36,259018,0.01,0.89,"1-499 sequences",11.23,"Lower middle income","2 - Connect","Connect","– Set-up sample referral networks or build NGS capacity from scratch"
NaN,"Monaco","MCO","Europe",1,1,0.39,NaN,0,NaN,"Reliable testing capacity",NaN,"0 NGS facilities or equivalent",42,42,42,2833,1.48,107.02,"1-499 sequences",56.06,"High income","High Income*","High Income*",""
NaN,"Mongolia","MNG","Western Pacific",1,1,32.78,NaN,0,NaN,"Reliable testing capacity",NaN,"0 NGS facilities or equivalent",27,27,21,161575,0.02,0.82,"1-499 sequences",456.76,"Lower middle income","2 - Connect","Connect","– Set-up sample referral networks or build NGS capacity from scratch"
NaN,"Montenegro","MNE","Europe",0,NaN,6.28,288.77,69922.6114649682,0.235572083786898,"Reliable testing capacity",NaN,"0 NGS facilities or equivalent",31,31,31,101496,0.03,4.94,"1-499 sequences",15.6,"Upper middle income","2 - Connect","Connect","– Set-up sample referral networks or build NGS capacity from scratch"
NaN,"Montserrat","MSR","",NaN,NaN,NaN,NaN,NaN,NaN,"Unreliable testing capacity",NaN,"0 NGS facilities or equivalent",2,2,2,0,NaN,40.01,"1-499 sequences",0,NaN,"1 - Test","Test","– Increase diagnostic testing capacity"
NaN,"Morocco","MAR","Eastern Mediterranean",1,1,369.11,66.29,19683.2163853594,0.0945996240746389,"Reliable testing capacity",2,"4+ NGS facilities or equivalent",279,365,216,597876,0.05,0.76,"1-499 sequences",15.96,"Lower middle income","3 - Leverage","Leverage","– Leverage existing NGS capacity"
NaN,"Mozambique","MOZ","Africa",1,1,312.55,14.93,2476.71732522796,0.17026138809298,"Reliable testing capacity",NaN,"0 NGS facilities or equivalent",489,489,471,115886,0.42,1.56,"1-499 sequences",22.66,"Low income","2 - Connect","Connect","– Set-up sample referral networks or build NGS capacity from scratch"
NaN,"Myanmar","MMR","South-East Asia",1,1,544.1,38.18,5898.89726153281,0.101722961499755,"Reliable testing capacity",1,"1-3 NGS facilities or equivalent",74,75,21,284099,0.03,0.14,"1-499 sequences",38.06,"Lower middle income","3 - Leverage","Leverage","– Leverage existing NGS capacity"
NaN,"Namibia","NAM","Africa",0,1,25.41,141.67,24630.2243211334,0.193038632013217,"Reliable testing capacity",NaN,"0 NGS facilities or equivalent",231,231,0,117570,0.2,9.09,"1-499 sequences",389.27,"Upper middle income","2 - Connect","Connect","– Set-up sample referral networks or build NGS capacity from scratch"
NaN,"Nauru","NRU","Western Pacific",0,NaN,NaN,NaN,NaN,NaN,"Unreliable testing capacity",NaN,"0 NGS facilities or equivalent",0,0,0,0,NaN,0,"0 sequences",0,"High income","High Income*","High Income*",""
NaN,"Nepal","NPL","South-East Asia",0,1,291.37,65.19,12642.804681333,0.193483025647346,"Reliable testing capacity",1,"1-3 NGS facilities or equivalent",168,184,110,688307,0.02,0.58,"1-499 sequences",36.79,"Lower middle income","3 - Leverage","Leverage","– Leverage existing NGS capacity"
NaN,"Netherlands","NLD","Europe",1,1,171.35,474.07,85917.6247446746,0.130051008746443,"Reliable testing capacity",2,"4+ NGS facilities or equivalent",48989,50149,44481,1884198,2.6,285.9,"500+ sequences",66.34,"High income","High Income*","High Income*",""
NaN,"New Caledonia","NCL","Europe",0,NaN,2.85,67.7,13774.0350877193,NaN,"Reliable testing capacity",NaN,"0 NGS facilities or equivalent",0,0,0,0,NaN,0,"0 sequences",0,"High income","High Income*","High Income*",""
NaN,"New Zealand","NZL","Western Pacific",1,1,48.22,233.78,52336.0223973455,0.00114398114154815,"Reliable testing capacity",2,"4+ NGS facilities or equivalent",1169,1403,1120,2868,40.76,24.24,"500+ sequences",0.52,"High income","High Income*","High Income*",""
NaN,"Nicaragua","NIC","Americas",0,0,66.25,NaN,0,NaN,"Unreliable testing capacity",NaN,"0 NGS facilities or equivalent",0,0,0,9470,0,0,"0 sequences",3.25,"Lower middle income","1 - Test","Test","– Increase diagnostic testing capacity"
NaN,"Niger","NER","Africa",1,1,242.07,2.52,549.056058164994,0.0427507335791137,"Reliable testing capacity",NaN,"0 NGS facilities or equivalent",24,24,23,5604,0.43,0.1,"1-499 sequences",0.15,"Low income","2 - Connect","Connect","– Set-up sample referral networks or build NGS capacity from scratch"
NaN,"Nigeria","NGA","Africa",1,1,2061.4,5.75,1233.26913747938,0.0698649745246456,"Reliable testing capacity",2,"4+ NGS facilities or equivalent",943,974,893,172263,0.55,0.46,"500+ sequences",0.24,"Lower middle income","4 - Strengthen","Strengthen","– Build additional NGS capacity for scale-up"
NaN,"Niue","NIU","",NaN,NaN,NaN,NaN,NaN,NaN,"Unreliable testing capacity",NaN,"0 NGS facilities or equivalent",0,0,0,0,NaN,0,"0 sequences",0,NaN,"1 - Test","Test","– Increase diagnostic testing capacity"
NaN,"Norfolk Island","NFK","",NaN,NaN,NaN,NaN,NaN,NaN,"Unreliable testing capacity",NaN,"0 NGS facilities or equivalent",0,0,NaN,NaN,NaN,NaN,"0 sequences",NaN,NaN,"1 - Test","Test","– Increase diagnostic testing capacity"
NaN,"North Korea","PRK","South-East Asia",0,NaN,NaN,NaN,NaN,NaN,"Unreliable testing capacity",NaN,"0 NGS facilities or equivalent",0,0,NaN,NaN,NaN,NaN,"0 sequences",0,"Low income","1 - Test","Test","– Increase diagnostic testing capacity"
NaN,"North Korea-South Korea Disputed Boundary","","",NaN,NaN,NaN,NaN,NaN,NaN,"Unreliable testing capacity",NaN,"0 NGS facilities or equivalent",0,0,NaN,NaN,NaN,NaN,"0 sequences",NaN,NaN,"1 - Test","Test","– Increase diagnostic testing capacity"
NaN,"North Macedonia","MKD","Europe",1,NaN,20.83,173.82,46385.117618819,0.163140833904297,"Reliable testing capacity",1,"1-3 NGS facilities or equivalent",652,652,648,156171,0.42,31.3,"500+ sequences",2.74,"Upper middle income","4 - Strengthen","Strengthen","– Build additional NGS capacity for scale-up"
NaN,"Northern Mariana Islands","MNP","Western Pacific",0,NaN,NaN,NaN,NaN,NaN,"Unreliable testing capacity",NaN,"0 NGS facilities or equivalent",63,63,NaN,NaN,NaN,NaN,"1-499 sequences",1.74,"High income","High Income*","High Income*",""
NaN,"Norway","NOR","Europe",1,1,54.21,481.11,123970.8171924,0.0209012540514352,"Reliable testing capacity",2,"4+ NGS facilities or equivalent",14476,14476,13668,136541,10.6,267.02,"500+ sequences",19.49,"High income","High Income*","High Income*",""
NaN,"Oman","OMN","Eastern Mediterranean",1,1,51.07,77.59,9985.49050323086,0.584399922346698,"Reliable testing capacity",2,"4+ NGS facilities or equivalent",446,446,305,295535,0.15,8.73,"1-499 sequences",228.92,"High income","High Income*","High Income*",""
NaN,"Pakistan","PAK","Eastern Mediterranean",1,1,2208.92,23.87,7369.29811853757,0.0655834586031985,"Reliable testing capacity",2,"4+ NGS facilities or equivalent",463,464,405,1020324,0.05,0.21,"1-499 sequences",3.91,"Lower middle income","3 - Leverage","Leverage","– Leverage existing NGS capacity"
NaN,"Palau","PLW","Western Pacific",0,NaN,0.18,NaN,0,NaN,"Unreliable testing capacity",NaN,"0 NGS facilities or equivalent",0,0,NaN,NaN,NaN,NaN,"0 sequences",0,"High income","High Income*","High Income*",""
NaN,"Palestine","PSE","Eastern Mediterranean",0,1,51.01,242.23,39322.0937071163,0.158390583402299,"Reliable testing capacity",NaN,"0 NGS facilities or equivalent",132,132,256,632656,0.02,2.59,"1-499 sequences",13.76,"Lower middle income","2 - Connect","Connect","– Set-up sample referral networks or build NGS capacity from scratch"
NaN,"Panama","PAN","Americas",1,1,43.15,302.19,78971.123986095,0.129509180057307,"Reliable testing capacity",2,"4+ NGS facilities or equivalent",896,896,863,432523,0.21,20.77,"500+ sequences",172.04,"High income","High Income*","High Income*",""
NaN,"Papua New Guinea","PNG","Western Pacific",0,1,89.47,9.63,1631.37364479714,0.121773922813941,"Unreliable testing capacity",NaN,"0 NGS facilities or equivalent",328,555,328,17670,1.86,3.67,"500+ sequences",0.6,"Lower middle income","1 - Test","Test","– Increase diagnostic testing capacity"
NaN,"Paraguay","PRY","Americas",1,1,71.33,111.74,23676.2932847329,0.269337351894507,"Reliable testing capacity",NaN,"0 NGS facilities or equivalent",165,165,157,451158,0.04,2.31,"1-499 sequences",137.09,"Upper middle income","2 - Connect","Connect","– Set-up sample referral networks or build NGS capacity from scratch"
NaN,"Peru","PER","Americas",1,1,329.72,187.53,47367.0538638845,0.13600629791588,"Reliable testing capacity",2,"4+ NGS facilities or equivalent",2262,2265,2260,2107873,0.11,6.86,"500+ sequences",51.52,"Upper middle income","4 - Strengthen","Strengthen","– Build additional NGS capacity for scale-up"
NaN,"Philippines","PHL","Western Pacific",1,1,1095.81,52.64,15431.7436416897,0.0975349342668258,"Reliable testing capacity",1,"1-3 NGS facilities or equivalent",5328,5329,5323,1566667,0.34,4.86,"500+ sequences",34.28,"Lower middle income","4 - Strengthen","Strengthen","– Build additional NGS capacity for scale-up"
NaN,"Pitcairn Islands","PCN","",NaN,NaN,NaN,NaN,NaN,NaN,"Unreliable testing capacity",NaN,"0 NGS facilities or equivalent",0,0,0,0,NaN,0,"0 sequences",0,NaN,"1 - Test","Test","– Increase diagnostic testing capacity"
NaN,"Poland","POL","Europe",0,1,378.47,219.79,49529.6826696964,0.153848985295083,"Reliable testing capacity",2,"4+ NGS facilities or equivalent",17546,17564,17218,2882465,0.61,46.36,"500+ sequences",1.54,"High income","High Income*","High Income*",""
NaN,"Portugal","PRT","Europe",1,1,101.97,633.68,154852.211434736,0.0623791978356305,"Reliable testing capacity",2,"4+ NGS facilities or equivalent",13285,13286,12651,960437,1.38,130.29,"500+ sequences",159.96,"High income","High Income*","High Income*",""
NaN,"Puerto Rico","PRI","Americas",1,1,NaN,NaN,NaN,NaN,"Reliable testing capacity",1,"1-3 NGS facilities or equivalent",0,0,NaN,NaN,NaN,NaN,"0 sequences",13.49,"High income","High Income*","High Income*",""
NaN,"Qatar","QAT","Eastern Mediterranean",1,1,28.81,226.34,82481.9507115585,0.0957250857949632,"Reliable testing capacity",2,"4+ NGS facilities or equivalent",2956,2956,2896,225747,1.31,102.6,"500+ sequences",29.4,"High income","High Income*","High Income*",""
NaN,"Republic of the Congo","COG","Africa",1,1,55.18,17.51,3489.97825299021,0.0686270946166988,"Reliable testing capacity",NaN,"0 NGS facilities or equivalent",219,1,428,26312,0.83,3.97,"1-499 sequences",1.72,"Lower middle income","2 - Connect","Connect","– Set-up sample referral networks or build NGS capacity from scratch"
NaN,"Republic of the Congo","COG","Africa",1,1,55.18,17.51,3489.97825299021,0.0686270946166988,"Reliable testing capacity",NaN,"0 NGS facilities or equivalent",219,226,428,26312,0.83,3.97,"1-499 sequences",1.72,"Lower middle income","2 - Connect","Connect","– Set-up sample referral networks or build NGS capacity from scratch"
NaN,"Romania","ROU","Europe",1,1,192.38,252.18,55287.3011747583,0.101983223097861,"Reliable testing capacity",1,"1-3 NGS facilities or equivalent",1389,1390,1266,1082710,0.13,7.22,"500+ sequences",1.54,"High income","High Income*","High Income*",""
NaN,"Russia","RUS","Europe",1,1,1459.34,366.36,114424.532322831,0.0379698577285983,"Reliable testing capacity",2,"4+ NGS facilities or equivalent",6632,6648,5781,6116249,0.11,4.54,"500+ sequences",116.02,"Upper middle income","High Income*","High Income*",""
NaN,"Rwanda","RWA","Africa",1,1,129.52,113.25,16609.2263743051,0.0351627234131963,"Reliable testing capacity",NaN,"0 NGS facilities or equivalent",485,485,472,67902,0.71,3.74,"1-499 sequences",59.1,"Low income","2 - Connect","Connect","– Set-up sample referral networks or build NGS capacity from scratch"
NaN,"Saint Helena","SHN","",NaN,NaN,NaN,NaN,NaN,NaN,"Unreliable testing capacity",NaN,"0 NGS facilities or equivalent",0,0,0,0,NaN,0,"0 sequences",0,NaN,"1 - Test","Test","– Increase diagnostic testing capacity"
NaN,"Saint Kitts and Nevis","KNA","Americas",0,NaN,0.53,325.91,49469.8113207547,0.0233037110492391,"Reliable testing capacity",NaN,"0 NGS facilities or equivalent",13,13,13,582,2.23,24.44,"1-499 sequences",139.12,"High income","High Income*","High Income*",""
NaN,"Saint Lucia","LCA","Americas",0,NaN,1.84,143.13,32502.7173913043,0.0966307164952763,"Reliable testing capacity",NaN,"0 NGS facilities or equivalent",33,33,33,5537,0.6,17.97,"1-499 sequences",38.67,"Upper middle income","2 - Connect","Connect","– Set-up sample referral networks or build NGS capacity from scratch"
NaN,"Saint Martin","MAF","Americas",0,NaN,NaN,NaN,NaN,NaN,"Unreliable testing capacity",NaN,"0 NGS facilities or equivalent",0,10,NaN,NaN,NaN,NaN,"1-499 sequences",NaN,"High income","High Income*","High Income*",""
NaN,"Saint Pierre and Miquelon","SPM","",NaN,NaN,NaN,NaN,NaN,NaN,"Unreliable testing capacity",NaN,"0 NGS facilities or equivalent",0,0,NaN,NaN,NaN,NaN,"0 sequences",0,NaN,"1 - Test","Test","– Increase diagnostic testing capacity"
NaN,"Saint Vincent and the Grenadines","VCT","Americas",0,NaN,1.11,224.98,50568.4684684685,0.0409399440594324,"Reliable testing capacity",NaN,"0 NGS facilities or equivalent",13,13,13,2288,0.57,11.72,"1-499 sequences",13.52,"Upper middle income","2 - Connect","Connect","– Set-up sample referral networks or build NGS capacity from scratch"
NaN,"Saint-Barthélemy","BLM","",NaN,NaN,NaN,NaN,NaN,NaN,"Unreliable testing capacity",NaN,"0 NGS facilities or equivalent",2,2,2,0,NaN,NaN,"1-499 sequences",30.35,NaN,"1 - Test","Test","– Increase diagnostic testing capacity"
NaN,"Samoa","WSM","Western Pacific",0,NaN,1.98,NaN,0,NaN,"Unreliable testing capacity",NaN,"0 NGS facilities or equivalent",0,0,0,3,0,0,"0 sequences",0,"Upper middle income","1 - Test","Test","– Increase diagnostic testing capacity"
NaN,"San Marino","SMR","Europe",1,1,0.34,1637.06,262491.176470588,0.0576714063217811,"Reliable testing capacity",NaN,"0 NGS facilities or equivalent",0,0,0,5130,0,0,"0 sequences",0,"High income","High Income*","High Income*",""
NaN,"São Tomé and Príncipe","STP","Africa",0,NaN,2.19,59.67,7141.55251141553,0.157928388746803,"Reliable testing capacity",NaN,"0 NGS facilities or equivalent",0,0,0,2432,0,0,"0 sequences",7.76,"Lower middle income","2 - Connect","Connect","– Set-up sample referral networks or build NGS capacity from scratch"
NaN,"Saudi Arabia","SAU","Eastern Mediterranean",1,1,348.14,291.72,74185.4972137646,0.0205961302653791,"Reliable testing capacity",2,"4+ NGS facilities or equivalent",964,964,957,522108,0.18,2.77,"500+ sequences",25.63,"High income","High Income*","High Income*",""
NaN,"Senegal","SEN","Africa",1,1,167.44,17.2,4104.46727185858,0.0973412954782234,"Reliable testing capacity",1,"1-3 NGS facilities or equivalent",521,522,448,59286,0.88,3.11,"500+ sequences",7.81,"Lower middle income","4 - Strengthen","Strengthen","– Build additional NGS capacity for scale-up"
NaN,"Serbia","SRB","Europe",1,1,87.37,212.91,54310.6787226737,0.152840052230458,"Reliable testing capacity",1,"1-3 NGS facilities or equivalent",294,294,256,720975,0.04,4.32,"1-499 sequences",9.15,"Upper middle income","3 - Leverage","Leverage","– Leverage existing NGS capacity"
NaN,"Seychelles","SYC","Africa",1,1,0.98,338.74,21942.8571428571,0.864118303571429,"Reliable testing capacity",NaN,"0 NGS facilities or equivalent",0,0,0,18062,0,0,"0 sequences",827.68,"High income","High Income*","High Income*",""
NaN,"Sierra Leone","SLE","Africa",0,1,79.77,10.27,2593.35589820735,0.0305164546192815,"Unreliable testing capacity",1,"1-3 NGS facilities or equivalent",36,36,36,6250,0.58,0.45,"1-499 sequences",3.66,"Low income","1 - Test","Test","– Increase diagnostic testing capacity"
NaN,"Singapore","SGP","Western Pacific",1,1,58.5,1278.43,277029.111111111,0.00405313940594228,"Reliable testing capacity",2,"4+ NGS facilities or equivalent",4733,4734,4034,64589,7.33,80.9,"500+ sequences",1.25,"High income","High Income*","High Income*",""
NaN,"Sint Maarten (Dutch part)","SXM","Americas",0,NaN,NaN,NaN,NaN,NaN,"Unreliable testing capacity",NaN,"0 NGS facilities or equivalent",490,490,466,0,NaN,1142.67,"1-499 sequences",37.31,"High income","High Income*","High Income*",""
NaN,"Slovakia","SVK","Europe",1,1,54.6,17251.35,745440.238095238,0.0096559456212381,"Reliable testing capacity",1,"1-3 NGS facilities or equivalent",5083,5083,4937,392488,1.3,93.1,"500+ sequences",2.22,"High income","High Income*","High Income*",""
NaN,"Slovenia","SVN","Europe",1,1,20.79,3345.26,293418.759018759,0.0426284421957662,"Reliable testing capacity",2,"4+ NGS facilities or equivalent",16782,16786,16688,258864,6.48,807.24,"500+ sequences",10.26,"High income","High Income*","High Income*",""
NaN,"Solomon Islands","SLB","Western Pacific",1,1,NaN,NaN,NaN,NaN,"Reliable testing capacity",NaN,"0 NGS facilities or equivalent",0,0,0,20,0,0,"0 sequences",0,"Lower middle income","2 - Connect","Connect","– Set-up sample referral networks or build NGS capacity from scratch"
NaN,"Somalia","SOM","Eastern Mediterranean",0,1,158.93,7.47,1086.8936009564,0.0913974759754544,"Unreliable testing capacity",NaN,"0 NGS facilities or equivalent",31,33,31,15323,0.2,0.2,"1-499 sequences",0.31,"Low income","1 - Test","Test","– Increase diagnostic testing capacity"
NaN,"South Africa","ZAF","Africa",1,1,593.09,101.95,25651.2485457519,0.165871638076159,"Reliable testing capacity",2,"4+ NGS facilities or equivalent",13629,13688,12496,2391223,0.57,22.98,"500+ sequences",233.29,"Upper middle income","4 - Strengthen","Strengthen","– Build additional NGS capacity for scale-up"
NaN,"South Georgia and the South Sandwich Islands","SGS","",NaN,NaN,NaN,NaN,NaN,NaN,"Unreliable testing capacity",NaN,"0 NGS facilities or equivalent",0,0,NaN,NaN,NaN,NaN,"0 sequences",NaN,NaN,"1 - Test","Test","– Increase diagnostic testing capacity"
NaN,"South Korea","KOR","Western Pacific",1,1,512.69,95.55,23459.4842887515,0.0175395551656325,"Reliable testing capacity",2,"4+ NGS facilities or equivalent",10449,10450,6611,195098,5.36,20.38,"500+ sequences",12.3,"High income","High Income*","High Income*",""
NaN,"South Sudan","SSD","Africa",1,1,111.94,14.4,2028.05074146864,0.0488943705400405,"Reliable testing capacity",NaN,"0 NGS facilities or equivalent",59,60,59,11014,0.54,0.53,"1-499 sequences",0.4,"Low income","2 - Connect","Connect","– Set-up sample referral networks or build NGS capacity from scratch"
NaN,"Spain","ESP","Europe",1,1,467.55,555.57,112437.332905572,0.0872764971326368,"Reliable testing capacity",2,"4+ NGS facilities or equivalent",50137,50162,46126,4395602,1.14,107.23,"500+ sequences",169.98,"High income","High Income*","High Income*",""
NaN,"Sri Lanka","LKA","South-East Asia",1,1,214.13,71.64,11136.9028160463,0.136720278268746,"Reliable testing capacity",1,"1-3 NGS facilities or equivalent",779,780,779,301832,0.26,3.64,"500+ sequences",35.98,"Lower middle income","4 - Strengthen","Strengthen","– Build additional NGS capacity for scale-up"
NaN,"Sudan","SDN","Eastern Mediterranean",0,1,438.49,5.39,671.917261511095,0.126050049384141,"Unreliable testing capacity",NaN,"0 NGS facilities or equivalent",0,0,0,37138,0,0,"0 sequences",0.22,"Low income","1 - Test","Test","– Increase diagnostic testing capacity"
NaN,"Suriname","SUR","Americas",1,1,5.87,NaN,0,NaN,"Reliable testing capacity",NaN,"0 NGS facilities or equivalent",346,346,338,25118,1.38,58.98,"1-499 sequences",181.03,"Upper middle income","2 - Connect","Connect","– Set-up sample referral networks or build NGS capacity from scratch"
NaN,"Sweden","SWE","Europe",1,1,100.99,476.54,93694.3756807605,0.116731688577545,"Reliable testing capacity",2,"4+ NGS facilities or equivalent",80786,80789,77088,1098795,7.35,799.92,"500+ sequences",20.33,"High income","High Income*","High Income*",""
NaN,"Switzerland","CHE","Europe",1,1,86.55,389.11,103692.050837666,0.0806690298685828,"Reliable testing capacity",2,"4+ NGS facilities or equivalent",49138,49189,46810,716038,6.86,567.77,"500+ sequences",12.72,"High income","High Income*","High Income*",""
NaN,"Syria","SYR","Eastern Mediterranean",0,1,175.01,NaN,0,NaN,"Unreliable testing capacity",NaN,"0 NGS facilities or equivalent",0,0,0,25930,0,0,"0 sequences",1.26,"Low income","1 - Test","Test","– Increase diagnostic testing capacity"
NaN,"Taiwan","TWN","Western Pacific",1,1,238.17,215.97,17306.776672125,0.00382706749588484,"Reliable testing capacity",2,"4+ NGS facilities or equivalent",238,238,93,15618,1.52,1,"1-499 sequences",NaN,"High income","High Income*","High Income*",""
NaN,"Tajikistan","TJK","Europe",0,1,95.38,NaN,7.33906479345775,NaN,"Unreliable testing capacity",NaN,"0 NGS facilities or equivalent",0,0,0,14845,0,0,"0 sequences",1.75,"Low income","1 - Test","Test","– Increase diagnostic testing capacity"
NaN,"Tanzania","TZA","Africa",1,1,597.34,0.77,317.983058224797,0.00535420966179506,"Reliable testing capacity",NaN,"0 NGS facilities or equivalent",0,0,0,509,0,0,"0 sequences",0,"Lower middle income","2 - Connect","Connect","– Set-up sample referral networks or build NGS capacity from scratch"
NaN,"Thailand","THA","South-East Asia",1,1,698,69.69,8759.15042979943,0.12046706129832,"Reliable testing capacity",1,"1-3 NGS facilities or equivalent",2012,2028,1589,543357,0.37,2.88,"500+ sequences",62.17,"Upper middle income","4 - Strengthen","Strengthen","– Build additional NGS capacity for scale-up"
NaN,"The Bahamas","BHS","Americas",1,1,3.93,126.96,30845.2926208651,0.127196383494745,"Reliable testing capacity",NaN,"0 NGS facilities or equivalent",61,61,61,14457,0.42,15.51,"1-499 sequences",67.64,"High income","High Income*","High Income*",""
NaN,"The Gambia","GMB","Africa",1,1,24.17,16.04,3792.511377741,0.0938526155021,"Reliable testing capacity",1,"1-3 NGS facilities or equivalent",613,687,531,7709,7.95,25.37,"500+ sequences",1.53,"Low income","4 - Strengthen","Strengthen","– Build additional NGS capacity for scale-up"
NaN,"Togo","TGO","Africa",0,1,82.79,17.03,5043.88211136611,0.0400591020228314,"Unreliable testing capacity",NaN,"0 NGS facilities or equivalent",125,129,123,15393,0.81,1.51,"1-499 sequences",2.69,"Low income","1 - Test","Test","– Increase diagnostic testing capacity"
NaN,"Tonga","TON","Western Pacific",1,1,NaN,NaN,NaN,NaN,"Reliable testing capacity",NaN,"0 NGS facilities or equivalent",0,0,0,0,NaN,0,"0 sequences",0,"Upper middle income","2 - Connect","Connect","– Set-up sample referral networks or build NGS capacity from scratch"
NaN,"Trinidad and Tobago","TTO","Americas",1,1,13.99,140.75,16667.2623302359,0.17199099388871,"Reliable testing capacity",NaN,"0 NGS facilities or equivalent",485,485,485,38014,1.28,34.66,"1-499 sequences",91.25,"High income","High Income*","High Income*",""
NaN,"Tunisia","TUN","Eastern Mediterranean",1,1,118.19,145.21,19776.5547000592,0.260167853816499,"Reliable testing capacity",1,"1-3 NGS facilities or equivalent",132,132,118,578962,0.02,1.12,"1-499 sequences",379.16,"Lower middle income","3 - Leverage","Leverage","– Leverage existing NGS capacity"
NaN,"Turkey","TUR","Europe",1,1,843.39,342.6,81541.1612658438,0.0857315001963037,"Reliable testing capacity",2,"4+ NGS facilities or equivalent",8585,8585,7596,4837244,0.18,10.18,"500+ sequences",40.63,"Upper middle income","4 - Strengthen","Strengthen","– Build additional NGS capacity for scale-up"
NaN,"Turkmenistan","TKM","Europe",1,1,NaN,NaN,NaN,NaN,"Reliable testing capacity",NaN,"0 NGS facilities or equivalent",0,0,0,0,NaN,0,"0 sequences",0,"Upper middle income","2 - Connect","Connect","– Set-up sample referral networks or build NGS capacity from scratch"
NaN,"Turks and Caicos Islands","TCA","Americas",0,NaN,NaN,NaN,NaN,NaN,"Unreliable testing capacity",NaN,"0 NGS facilities or equivalent",10,10,10,0,NaN,25.83,"1-499 sequences",0,"High income","High Income*","High Income*",""
NaN,"Tuvalu","TUV","Western Pacific",0,NaN,NaN,NaN,NaN,NaN,"Unreliable testing capacity",NaN,"0 NGS facilities or equivalent",0,0,0,0,NaN,0,"0 sequences",0,"Upper middle income","1 - Test","Test","– Increase diagnostic testing capacity"
NaN,"U.S. Virgin Islands","VIR","Americas",1,1,NaN,NaN,NaN,NaN,"Reliable testing capacity",NaN,"0 NGS facilities or equivalent",0,0,NaN,NaN,NaN,NaN,"0 sequences",80.44,"High income","High Income*","High Income*",""
NaN,"Uganda","UGA","Africa",1,1,457.41,15.87,3278.50068866006,0.0636655043714437,"Reliable testing capacity",1,"1-3 NGS facilities or equivalent",597,600,495,93122,0.64,1.31,"500+ sequences",10.94,"Low income","4 - Strengthen","Strengthen","– Build additional NGS capacity for scale-up"
NaN,"Ukraine","UKR","Europe",1,1,437.34,105.37,26319.1864453286,0.203558458660938,"Reliable testing capacity",1,"1-3 NGS facilities or equivalent",246,247,181,2329044,0.01,0.56,"1-499 sequences",8.67,"Lower middle income","3 - Leverage","Leverage","– Leverage existing NGS capacity"
NaN,"United Arab Emirates","ARE","Eastern Mediterranean",1,1,98.9,2751.06,686482.467138524,0.0101859222369467,"Reliable testing capacity",2,"4+ NGS facilities or equivalent",1847,1849,1847,676251,0.27,18.67,"500+ sequences",113.31,"High income","High Income*","High Income*",""
NaN,"United Kingdom","GBR","Europe",1,1,678.86,1750.07,358715.632089091,0.0249299050934673,"Reliable testing capacity",2,"4+ NGS facilities or equivalent",639824,658659,600100,5797445,11.04,942.5,"500+ sequences",279.89,"High income","High Income*","High Income*",""
NaN,"United Nations Buffer Zone in Cyprus","","",NaN,NaN,NaN,NaN,NaN,NaN,"Unreliable testing capacity",NaN,"0 NGS facilities or equivalent",0,0,NaN,NaN,NaN,NaN,"0 sequences",NaN,NaN,"1 - Test","Test","– Increase diagnostic testing capacity"
NaN,"United States Minor Outlying Islands","UMI","",NaN,NaN,NaN,NaN,NaN,NaN,"Unreliable testing capacity",NaN,"0 NGS facilities or equivalent",0,0,NaN,NaN,NaN,NaN,"0 sequences",NaN,NaN,"1 - Test","Test","– Increase diagnostic testing capacity"
NaN,"United States Minor Outlying Islands","UMI","",NaN,NaN,NaN,NaN,NaN,NaN,"Unreliable testing capacity",NaN,"0 NGS facilities or equivalent",0,0,NaN,NaN,NaN,NaN,"0 sequences",NaN,NaN,"1 - Test","Test","– Increase diagnostic testing capacity"
NaN,"United States Minor Outlying Islands","UMI","",NaN,NaN,NaN,NaN,NaN,NaN,"Unreliable testing capacity",NaN,"0 NGS facilities or equivalent",0,0,NaN,NaN,NaN,NaN,"0 sequences",NaN,NaN,"1 - Test","Test","– Increase diagnostic testing capacity"
NaN,"United States Minor Outlying Islands","UMI","",NaN,NaN,NaN,NaN,NaN,NaN,"Unreliable testing capacity",NaN,"0 NGS facilities or equivalent",0,0,NaN,NaN,NaN,NaN,"0 sequences",NaN,NaN,"1 - Test","Test","– Increase diagnostic testing capacity"
NaN,"United States Minor Outlying Islands","UMI","",NaN,NaN,NaN,NaN,NaN,NaN,"Unreliable testing capacity",NaN,"0 NGS facilities or equivalent",0,0,NaN,NaN,NaN,NaN,"0 sequences",NaN,NaN,"1 - Test","Test","– Increase diagnostic testing capacity"
NaN,"United States Minor Outlying Islands","UMI","",NaN,NaN,NaN,NaN,NaN,NaN,"Unreliable testing capacity",NaN,"0 NGS facilities or equivalent",0,0,NaN,NaN,NaN,NaN,"0 sequences",NaN,NaN,"1 - Test","Test","– Increase diagnostic testing capacity"
NaN,"United States Minor Outlying Islands","UMI","",NaN,NaN,NaN,NaN,NaN,NaN,"Unreliable testing capacity",NaN,"0 NGS facilities or equivalent",0,0,NaN,NaN,NaN,NaN,"0 sequences",NaN,NaN,"1 - Test","Test","– Increase diagnostic testing capacity"
NaN,"United States Minor Outlying Islands","UMI","",NaN,NaN,NaN,NaN,NaN,NaN,"Unreliable testing capacity",NaN,"0 NGS facilities or equivalent",0,0,NaN,NaN,NaN,NaN,"0 sequences",NaN,NaN,"1 - Test","Test","– Increase diagnostic testing capacity"
NaN,"United States Minor Outlying Islands","UMI","",NaN,NaN,NaN,NaN,NaN,NaN,"Unreliable testing capacity",NaN,"0 NGS facilities or equivalent",0,0,NaN,NaN,NaN,NaN,"0 sequences",NaN,NaN,"1 - Test","Test","– Increase diagnostic testing capacity"
NaN,"United States of America","USA","Americas",1,1,3310.03,598.08,154107.783917366,0.0700636223322725,"Reliable testing capacity",2,"4+ NGS facilities or equivalent",702611,705476,656779,34672689,2.03,212.27,"500+ sequences",29.12,"High income","High Income*","High Income*",""
NaN,"Uruguay","URY","Americas",0,1,34.74,546.23,89049.8560736903,0.123597423318912,"Reliable testing capacity",2,"4+ NGS facilities or equivalent",735,736,733,380976,0.19,21.16,"500+ sequences",168.15,"High income","High Income*","High Income*",""
NaN,"Uzbekistan","UZB","Europe",1,1,334.69,45.89,4182.97529056739,0.0969557142857143,"Reliable testing capacity",NaN,"0 NGS facilities or equivalent",73,73,18,126627,0.06,0.22,"1-499 sequences",10.09,"Lower middle income","2 - Connect","Connect","– Set-up sample referral networks or build NGS capacity from scratch"
NaN,"Vanuatu","VUT","Western Pacific",1,1,3.07,NaN,0,NaN,"Reliable testing capacity",NaN,"0 NGS facilities or equivalent",0,0,0,4,0,0,"0 sequences",0,"Lower middle income","2 - Connect","Connect","– Set-up sample referral networks or build NGS capacity from scratch"
NaN,"Vatican City","VAT","",NaN,NaN,0.01,NaN,0,NaN,"Unreliable testing capacity",NaN,"0 NGS facilities or equivalent",0,0,0,27,0,0,"0 sequences",0,NaN,"1 - Test","Test","– Increase diagnostic testing capacity"
NaN,"Venezuela","VEN","Americas",1,1,284.36,61.32,11179.751019834,0.0981779599971564,"Reliable testing capacity",1,"1-3 NGS facilities or equivalent",148,148,29,302988,0.05,0.52,"1-499 sequences",28.6,"Upper middle income","3 - Leverage","Leverage","– Leverage existing NGS capacity"
NaN,"Vietnam","VNM","Western Pacific",1,1,973.39,13.21,2961.70085988145,0.0713367488874012,"Reliable testing capacity",1,"1-3 NGS facilities or equivalent",286,286,143,123640,0.23,0.29,"1-499 sequences",6.51,"Lower middle income","3 - Leverage","Leverage","– Leverage existing NGS capacity"
NaN,"Wallis and Futuna","WLF","",NaN,NaN,NaN,NaN,NaN,NaN,"Unreliable testing capacity",NaN,"0 NGS facilities or equivalent",10,10,10,0,NaN,88.92,"1-499 sequences",0,NaN,"1 - Test","Test","– Increase diagnostic testing capacity"
NaN,"West Bank and Gaza","PSE","Eastern Mediterranean",0,1,51.01,242.23,39322.0937071163,0.158390583402299,"Reliable testing capacity",NaN,"0 NGS facilities or equivalent",132,132,256,632656,0.02,2.59,"1-499 sequences",13.76,"Lower middle income","2 - Connect","Connect","– Set-up sample referral networks or build NGS capacity from scratch"
NaN,"Western Sahara","ESH","",NaN,NaN,5.97,5.63,448.91122278057,NaN,"Unreliable testing capacity",NaN,"0 NGS facilities or equivalent",0,0,NaN,NaN,NaN,NaN,"0 sequences",NaN,NaN,"1 - Test","Test","– Increase diagnostic testing capacity"
NaN,"Western Sahara - Morocco Disputed Boundary","","",NaN,NaN,NaN,NaN,NaN,NaN,"Unreliable testing capacity",NaN,"0 NGS facilities or equivalent",0,0,NaN,NaN,NaN,NaN,"0 sequences",NaN,NaN,"1 - Test","Test","– Increase diagnostic testing capacity"
NaN,"Yemen","YEM","Eastern Mediterranean",1,1,298.26,NaN,0,NaN,"Reliable testing capacity",NaN,"0 NGS facilities or equivalent",0,0,0,7027,0,0,"0 sequences",0.05,"Low income","2 - Connect","Connect","– Set-up sample referral networks or build NGS capacity from scratch"
NaN,"Zambia","ZMB","Africa",1,1,183.84,55.74,11649.3907745866,0.0932292503259209,"Reliable testing capacity",1,"1-3 NGS facilities or equivalent",692,692,692,193432,0.36,3.76,"500+ sequences",76.45,"Lower middle income","4 - Strengthen","Strengthen","– Build additional NGS capacity for scale-up"
NaN,"Zimbabwe","ZWE","Africa",1,1,148.63,77.95,7695.71418959833,0.101318920733616,"Reliable testing capacity",NaN,"0 NGS facilities or equivalent",559,561,474,103567,0.54,3.76,"500+ sequences",69.72,"Lower middle income","3 - Leverage","Leverage","– Leverage existing NGS capacity"
